transect_id,s_idx,Peak_dist,Peak_Intensity,lambda,theta_deg,href
0,0,10.0,6.628551230112798,256.0,53.13010235415597,86.5
0,1,8.94427190999916,6.563540569739398,271.10835055998655,58.28252558853898,86.0
0,2,8.94427190999916,6.5604843788834515,276.1444674133154,60.004126352727,85.4332871584221
0,3,8.94427190999916,6.559441939504881,278.6625258399798,60.86395609120603,85.0
0,4,8.94427190999916,6.4885253952495,280.1733608959785,61.37932080941065,84.4130158571359
0,5,8.94427190999916,6.46990708246164,281.18058426664425,61.72262399510132,84.50645724503757
0,6,8.94427190999916,6.4643309977116425,281.9000295314055,61.96769067475909,84.0
0,7,8.94427190999916,6.574060259865409,282.43961347997646,62.151402608170756,83.49856431594745
0,8,8.94427190999916,6.701767276856908,282.85928988442055,62.29423480032453,83.52765457396822
0,9,8.94427190999916,6.717795936089484,283.1950310079758,62.40846469141902,83.02890900992506
0,10,8.94427190999916,6.665834038396625,283.46972829088463,62.50190112015823,81.91540709356863
0,11,8.94427190999916,6.640149111708477,283.69864269330867,62.57974766125086,81.18698635153206
0,12,8.94427190999916,6.649019078164089,283.8923394953598,62.64560541005716,81.73592480847486
0,13,8.94427190999916,6.609133064345789,284.0583653256893,62.70204572320624,81.03983120337821
0,14,8.94427190999916,6.541611181988591,284.20225437864156,62.750953714510224,80.0
0,15,10.0,6.542096632006825,282.43961347997646,61.176881888300905,79.4375
0,16,10.0,6.625623015064777,280.88434209880137,59.773495408316606,79.0
0,17,10.0,6.6613548028781,279.50187864886794,58.51589995493782,78.5
0,18,10.0,6.725036104059453,278.2649376673486,58.22874645369607,77.5
0,19,10.0,6.652358729512494,277.15169078398117,57.97059401305592,77.0
0,20,8.94427190999916,6.555162492919077,277.58335794283795,58.23391646356721,76.5
0,21,8.94427190999916,6.64255060571668,277.9757826327077,58.473087682197445,76.5
0,22,8.94427190999916,6.699647833453445,278.3340834365018,58.691277305777625,76.0
0,23,8.94427190999916,6.761084530073079,278.6625258399798,58.891124698889776,75.5
0,24,8.94427190999916,6.8201662626700275,278.96469285117956,59.07484518305092,75.5
0,25,8.94427190999916,6.888734557668986,280.1733608959785,59.49128653045633,75.0
0,26,8.94427190999916,6.849212382299109,280.1733608959785,59.49128653045633,74.4375
0,27,8.94427190999916,6.716090573255674,280.1733608959785,59.49128653045633,73.97199066276697
0,28,11.661903789690601,6.799741726555269,277.50542041047606,59.31341354791523,74.17727570273388
0,29,8.94427190999916,6.782035659438545,277.505420410476,59.31341354791523,74.31429624313247
0,30,8.94427190999916,6.782893812037372,277.50542041047606,59.31341354791523,74.72967629418588
0,31,8.94427190999916,6.812363685178717,277.505420410476,59.31341354791523,74.93396830778747
0,32,8.94427190999916,6.7519243939380456,277.50542041047606,59.31341354791523,75.09557525256919
0,33,8.94427190999916,6.627536215773418,277.505420410476,59.31341354791523,74.99555250868198
0,34,10.0,6.477565456285928,276.2967523656771,58.896997709885234,74.5
0,35,10.0,6.496683367919383,275.0880843208781,57.84102203345292,74.00311370286974
0,36,10.0,6.689667985858519,273.8794162760792,56.779765863798985,73.98456104580234
0,37,10.0,6.707856332279151,272.6707482312803,55.713922673033224,74.0
0,38,10.0,6.666023785881193,271.4620801864814,54.64420462280925,73.0
0,39,10.0,6.556386495499189,270.2534121416825,53.571339853008304,73.02578133419823
0,40,8.48528137423857,6.485477783039343,272.0813678739329,53.89491092344477,73.0
0,41,8.48528137423857,6.431624027055454,273.9093236061833,54.21764312850009,72.0
0,42,8.48528137423857,6.424135620599893,275.73727933843367,54.5395193276704,71.5
0,43,8.48528137423857,6.379212123386481,277.5652350706841,54.21012817690411,71.0
0,44,8.48528137423857,6.28517777446182,279.3931908029345,53.88039566421808,70.5
0,45,7.211102550927978,6.333315094137455,282.1448477815014,53.591942964033294,70.0
0,46,10.0,6.424762261283944,280.93617973670257,53.174422542704264,69.43769008769097
0,47,10.0,6.492278648357446,279.72751169190366,52.7574453460681,69.0
0,48,10.0,6.527434236294556,278.5188436471047,52.34105439333243,68.97090111706326
0,49,10.0,6.37771460551551,277.3101756023058,51.92529233517671,68.27791485641092
0,50,10.0,6.622415857720049,276.10150755750686,50.85591637661456,67.47828016303073
0,51,10.0,6.6546636582711685,274.89283951270795,49.78605010225603,67.0
0,52,10.0,6.649298236805136,273.684171467909,48.71643922684972,66.0
0,53,8.48528137423857,6.62383386849558,276.97139964086296,48.14892568513098,65.50225187164982
0,54,8.94427190999916,6.718256241535528,276.97139964086296,48.14892568513098,65.0
0,55,8.94427190999916,6.7770995960975355,276.97139964086296,48.14892568513098,64.5027327465741
0,56,8.48528137423857,6.7177820769221865,277.59068732831446,47.408925624680485,64.0
0,57,8.94427190999916,6.694587084707878,277.5906873283144,47.40892562468049,63.50388967593892
0,58,8.94427190999916,6.656604257766782,277.59068732831446,47.408925624680485,63.499717424082974
0,59,11.661903789690601,6.582135928813117,276.1314148876109,46.518558625392686,63.0
0,60,8.94427190999916,6.491599062292642,277.3400829324098,47.58632672614443,62.503880488616765
0,61,8.94427190999916,6.459200995134299,278.5487509772088,48.65588122286016,62.0
0,62,10.0,6.369777090543543,278.5487509772088,48.65588122286016,61.502763959021586
0,63,10.770329614269007,6.466904229132738,277.8163522918738,49.91277445793033,61.0
0,64,10.0,6.56407892506573,277.8163522918738,50.56946811555438,60.498119616748895
0,65,10.0,6.761833471227721,275.9883965596234,50.899682091435665,60.0
1,0,8.94427190999916,6.5063433039412235,286.2167011199731,63.43494882292201,86.5
1,1,8.94427190999916,6.436221585962992,286.2167011199731,63.43494882292201,86.0
1,2,8.94427190999916,6.509186408592503,286.2167011199731,63.43494882292201,85.5
1,3,8.94427190999916,6.395043197433521,286.2167011199731,63.43494882292201,85.0
1,4,8.94427190999916,6.3735141424531845,286.2167011199731,63.43494882292201,85.0
1,5,10.770329614269007,6.4349973640016,278.12892307774865,64.22838083171126,84.43495701764749
1,6,10.770329614269007,6.54823534237681,272.35193876187407,64.79550905815219,84.00333309409186
1,7,10.770329614269007,6.515065160904642,268.0192005249681,65.22099268795826,83.9326128630035
1,8,8.94427190999916,6.606520599693995,270.0411450355242,65.02242262745928,84.41621986031966
1,9,8.94427190999916,6.706225171950544,271.6587006439691,64.86358008879,84.0
1,10,8.94427190999916,6.6743190679145075,272.9821552326967,64.73362879992148,84.0
1,11,8.94427190999916,6.61304208097152,274.0850340566364,64.62534451537904,83.5
1,12,8.94427190999916,6.619477016802898,275.01823921535464,64.53372596869849,83.0
1,13,8.94427190999916,6.632503648168126,275.8181293513988,64.45520099089289,82.582233939981
1,14,8.94427190999916,6.608606510266033,276.51136746930376,64.38715013746194,82.4788151890659
1,15,11.661903789690601,6.687806364514477,272.949293813873,64.05294395409963,80.93594513730828
1,16,11.661903789690601,6.678039268587525,269.80628764731637,63.757942168503035,80.50463779081578
1,17,11.661903789690601,6.541139582611587,267.01250438815504,63.4956418392856,79.99670749875625
1,18,10.0,6.523451987289974,266.4328988940416,62.95205858355551,79.18804940856276
1,19,10.0,6.736937487183775,265.91125394933954,62.46216653246617,78.86028097816566
1,20,10.0,6.964193279782974,265.43928947556145,62.018447360674216,78.00437379842032
1,21,10.0,7.0708311021668715,265.01023086303593,61.61471354469288,77.50257597460208
1,22,10.0,7.06497280570062,264.61848169507783,61.245828448448854,77.0
1,23,10.0,7.0039070961862455,264.25937829111626,60.90749373113985,76.5
1,24,10.0,6.8557611061598065,263.9290031594716,60.596086039359854,76.0
1,25,10.0,6.796933369281589,262.7203351146727,60.182992320850154,75.5
1,26,10.0,6.691981133550142,261.51166706987374,59.76970085902535,75.0
1,27,10.0,6.632211049982446,260.3029990250748,58.723546569891816,74.5
1,28,10.0,6.701219099945786,259.0943309802759,57.67160307835702,73.49979721873335
1,29,10.0,6.554880358399935,257.885662935477,56.614536826194744,73.0
1,30,7.211102550927978,6.519609382011604,262.5783866441778,56.13668555682019,72.46809971426482
1,31,7.211102550927978,6.589418085471325,267.2711103528786,55.65968703127386,72.73434282419102
1,32,7.211102550927978,6.605761118465015,271.9638340615794,55.18360490366896,72.56069363654919
1,33,7.211102550927978,6.5227959828138475,274.7154910401464,54.89713777934978,71.99559588788827
1,34,8.94427190999916,6.528147762004142,274.7154910401464,54.89713777934978,71.51877832692867
1,35,8.94427190999916,6.531917533575954,274.7154910401464,54.89713777934978,71.73304969022783
1,36,8.94427190999916,6.591379507986239,274.7154910401464,54.89713777934978,72.04185197266028
1,37,8.94427190999916,6.586740078049205,274.7154910401464,54.89713777934978,71.84850314024455
1,38,8.94427190999916,6.580321152508105,274.7154910401464,54.89713777934978,72.06350989290277
1,39,8.94427190999916,6.658909408612471,274.7154910401464,54.89713777934978,71.46661088464174
1,40,8.94427190999916,6.69201318413246,277.3834315256488,55.07362989878983,71.5180367078209
1,41,8.94427190999916,6.764008713412236,280.05137201115133,55.25023948666674,71.73069104029493
1,42,8.94427190999916,6.831634312305617,282.71931249665374,55.42696330096274,71.54481654245787
1,43,8.94427190999916,6.75735925095106,283.9279805414527,55.842410692399106,71.00315084517594
1,44,8.94427190999916,6.673830589864071,285.1366485862516,56.25811497584984,70.97222250776707
1,45,8.94427190999916,6.490561255228204,286.34531663105054,56.67403258751493,71.0964017989017
1,46,8.94427190999916,6.351468254588106,287.55398467584945,57.09011982895963,71.0
1,47,8.94427190999916,6.148439265029092,288.7626527206484,57.506332894545146,71.0
1,48,11.661903789690601,6.221334093605421,287.3033802799448,56.64395154866303,70.5
1,49,8.48528137423857,6.174552450878466,289.1313360121952,56.31664764587948,69.43355660030704
1,50,11.661903789690601,6.290981510836163,287.6720635714917,56.55660041935725,69.0
1,51,8.48528137423857,6.297835153006557,289.50001930374214,56.22899816861668,69.0
1,52,8.48528137423857,6.23510105796522,291.32797503599255,56.54722979836705,69.0
1,53,10.0,6.244886701748998,291.32797503599255,56.54722979836705,68.5625
1,54,10.0,6.274920454970065,291.32797503599255,56.54722979836705,68.0
1,55,13.416407864998739,6.253088269758486,284.7600953758259,56.836009569032434,67.5
1,56,13.416407864998739,6.443875147603168,278.19221571565936,57.1249438356633,67.0
1,57,10.0,6.419095254238121,274.2318906922935,56.99584948866689,66.50019076913337
1,58,10.0,6.653956029851202,270.2715656689276,56.866732018630614,66.0
1,59,10.0,6.754933883841249,269.0628976241287,56.448693266977635,65.49832435468738
1,60,10.0,6.725473257885563,267.85422957932974,56.03084973123711,64.99696969297068
1,61,10.0,6.712016238258947,266.6455615345309,55.613245684155956,64.5337498295213
1,62,10.0,6.6291276248297315,265.4368934897319,55.19592524598772,64.0
1,63,8.94427190999916,6.556643189275408,265.436893489732,55.19592524598773,63.581321447476995
1,64,11.661903789690601,6.555188443364398,262.7689530042295,53.90408641215364,63.603189561855466
1,65,11.661903789690601,6.547282237259305,260.101012518727,52.60536413697293,62.51049820747554
1,66,10.0,6.441388857185476,258.89234447392806,51.53112198321565,62.0
1,67,10.0,6.604213017047925,257.68367642912915,50.455909579872745,61.0
1,68,10.0,6.719926742920276,256.47500838433024,49.38048340403508,60.5
1,69,10.0,6.622579773024516,255.2663403395313,48.3056008352804,60.0
2,0,8.94427190999916,6.6939785069049185,286.2167011199731,63.43494882292201,86.89151219697783
2,1,8.94427190999916,6.747789669904032,286.2167011199731,63.43494882292201,85.99567695125273
2,2,8.94427190999916,6.794678699109753,286.2167011199731,63.43494882292201,85.43804048113307
2,3,8.94427190999916,6.8868414307618,286.2167011199731,63.43494882292201,85.0
2,4,8.94427190999916,6.920112661625358,286.2167011199731,63.43494882292201,85.0
2,5,8.94427190999916,6.885951138466807,286.2167011199731,63.43494882292201,84.5
2,6,8.94427190999916,6.826298704478541,286.2167011199731,63.43494882292201,84.0
2,7,8.94427190999916,6.763447177451948,286.2167011199731,63.43494882292201,83.5
2,8,8.94427190999916,6.699564603076944,286.2167011199731,63.43494882292201,83.5
2,9,8.94427190999916,6.615082142238556,286.2167011199731,63.43494882292201,83.0
2,10,8.94427190999916,6.519611321190963,286.2167011199731,63.43494882292201,82.50609768906435
2,11,8.94427190999916,6.546022602694477,286.2167011199731,63.43494882292201,82.41575631747801
2,12,8.94427190999916,6.550397707899651,286.2167011199731,63.43494882292201,82.18769602228264
2,13,8.94427190999916,6.511577048917401,286.2167011199731,63.43494882292201,82.59621818597155
2,14,8.94427190999916,6.4668958097609615,286.2167011199731,63.43494882292201,82.0
2,15,10.770329614269007,6.570404092426712,283.18378435413894,63.732395085991165,82.0
2,16,10.770329614269007,6.671265902079791,280.5076813254617,63.99494156929253,81.5
2,17,10.770329614269007,6.705172769009393,278.12892307774865,64.22838083171126,81.0
2,18,10.770329614269007,6.712225067168971,276.000560435058,64.43729249121664,81.0
2,19,10.770329614269007,6.763517753828536,274.0850340566364,64.62534451537904,80.5
2,20,10.770329614269007,6.676197114144918,272.35193876187407,64.79550905815219,80.5
2,21,10.770329614269007,6.505080775698791,270.77639758481735,64.95021981294626,80.0
2,22,7.211102550927978,6.50177068363377,274.43864662826644,64.57552913917264,79.5
2,23,7.211102550927978,6.423935663136065,277.7957082514281,64.23178622775556,78.99668321511339
2,24,10.0,6.410444277829393,276.923879921371,63.78951000710793,79.06739908440395
2,25,10.0,6.680095527897425,275.7152118765721,63.378586525383305,78.31463585883918
2,26,10.0,6.786594457162259,274.5065438317731,62.967136739233936,77.26110882596865
2,27,10.0,6.811901855022688,273.2978757869742,62.55520215022635,76.44032401260782
2,28,10.0,6.6912035351863866,272.0892077421753,62.14282455822275,76.0043621958371
2,29,10.0,6.680567053590952,270.8805396973764,61.730046036587886,75.50463779081578
2,30,10.0,6.664137968243025,269.6718716525774,61.31690890697709,75.0
2,31,10.0,6.680359194224332,268.4632036077785,60.90345571374245,74.4946584294616
2,32,10.0,6.666929762616519,267.2545355629796,59.85933449508878,74.02901294584919
2,33,8.94427190999916,6.717052882728226,267.25453556297964,59.85933449508878,72.99671843645129
2,34,8.94427190999916,6.696052806892699,267.2545355629796,59.859334495088774,73.06742223670707
2,35,8.94427190999916,6.650517510623609,267.25453556297964,59.859334495088774,72.18442359104372
2,36,8.94427190999916,6.5782116866548535,267.2545355629796,59.85933449508878,71.81705246622671
2,37,8.94427190999916,6.419997878690256,267.25453556297964,59.85933449508878,70.43186924186307
2,38,7.211102550927978,6.4650021867355685,270.00619254154657,59.5719218236413,70.50466075634392
2,39,7.211102550927978,6.4633320762187685,272.7578495201135,59.284524275464406,70.0
2,40,7.211102550927978,6.405755218948963,277.4505732288143,58.806386679558805,69.41774037929606
2,41,10.0,6.434685862464016,278.1829719141492,58.20076433900272,69.18151339234807
2,42,10.0,6.4335684170063585,278.91537059948416,57.59569231468433,69.5037936756411
2,43,10.0,6.5142163500494,279.6477692848191,56.99130460334243,68.93255359450893
2,44,10.0,6.552726296856924,280.38016797015405,56.38773428990731,69.77080282040758
2,45,10.0,6.572131710617306,281.112566655489,55.78511337423194,70.06366463487021
2,46,10.0,6.5764314330874845,281.84496534082393,55.183572601402304,70.08511649249624
2,47,10.0,6.553615638623971,277.8846403174581,55.05582361067139,70.04178703831357
2,48,8.48528137423857,6.499103544245471,275.75227102634267,54.60318623466473,69.51651254487392
2,49,8.48528137423857,6.560554705943093,277.580226758593,54.27794355631533,69.0
2,50,8.48528137423857,6.5766018025554525,279.40818249084344,53.95236364921752,69.025375154937
2,51,8.48528137423857,6.607133517217517,281.23613822309386,53.62646704603551,69.0
2,52,8.48528137423857,6.474064880438334,283.0640939553443,53.30027440135588,68.55136266641313
2,53,8.48528137423857,6.292947648518201,284.8920496875947,52.973806484059224,67.5
2,54,8.48528137423857,6.163687204699081,286.7200054198451,52.647084169582456,67.0
2,55,14.142135623730951,6.2444588721094725,283.7207788591953,52.32012843207881,66.4332616763821
2,56,14.142135623730951,6.217910200398254,280.7215522985456,51.99296033648266,66.00315966248759
2,57,14.142135623730951,6.276118566819256,277.72232573789586,52.314215406470446,65.9818360806899
2,58,14.142135623730951,6.3671206411062675,273.51443113244716,51.575338062352145,66.0
2,59,14.142135623730951,6.394627052735068,269.3065365269985,50.83733903676165,65.0
2,60,14.142135623730951,6.419238920500386,265.0986419215498,50.10046112681189,64.5
2,61,14.142135623730951,6.4117237841925245,260.89074731610117,49.36494490997483,64.0
2,62,10.0,6.451912341960857,259.6820792713022,48.307765592680994,63.45625198321811
2,63,10.0,6.440259580393248,255.72175424793633,47.53094992992491,62.972468072897
2,64,10.0,6.351728598742505,251.7614292245705,46.75378814270988,63.04257783611097
2,65,10.0,6.240018792295442,247.80110420120462,45.976566054639164,62.54910038288188
2,66,10.0,6.130311574545151,247.80110420120462,45.97656605463917,62.0
2,67,10.0,6.285535649815231,247.80110420120462,45.976566054639164,61.494041407662266
2,68,10.0,6.281209827793423,247.80110420120462,45.97656605463917,61.0272726806557
3,0,8.48528137423857,6.504367274577534,301.6988933062603,45.0,86.5
3,1,8.48528137423857,6.708307991329214,301.6988933062603,45.0,85.5
3,2,8.48528137423857,6.77713536342005,301.6988933062603,45.0,85.0
3,3,8.48528137423857,6.7501093110074,301.6988933062603,45.0,84.5
3,4,8.48528137423857,6.626629626190571,301.6988933062603,45.0,84.0
3,5,10.770329614269007,6.529853029608161,291.0307498996546,48.807421749521936,83.58330795655803
3,6,10.770329614269007,6.662983331456832,283.4106474663649,51.57206456274287,82.81097658784365
3,7,10.770329614269007,6.766335323973815,277.6955706413976,53.661771773388914,81.93560299782118
3,8,10.770329614269007,6.746628111975275,273.25051088864524,55.29281062545866,81.50645500016114
3,9,10.770329614269007,6.646885059749152,269.6944630864433,56.59929525682409,81.0
3,10,10.770329614269007,6.542736340643173,266.78496943009634,57.66829847291677,81.0
3,11,10.770329614269007,6.356149342969688,264.36039138314055,58.558597845068384,80.50147527110099
3,12,8.94427190999916,6.4574716306207,266.0416459782815,58.94034433897437,80.48695724564607
3,13,10.0,6.528787080666233,265.3243855512614,58.51861507161625,79.97019749964576
3,14,8.94427190999916,6.536518133821439,266.71720658917553,58.851512577232995,80.12656023865719
3,15,10.0,6.488997324195336,266.047381177352,58.48874835466075,80.04040681180635
3,16,10.0,6.472265843115874,265.45635875515484,58.16913156679938,79.517683569914
3,17,10.0,6.571737176066574,264.93100549097954,57.88541313077496,78.99567525350555
3,18,10.0,6.578536263739053,264.4609525704017,57.63187849901066,78.47148610675006
3,19,10.0,6.500248605453264,264.0379049418816,57.403962750825904,77.93263950607158
3,20,10.0,6.4835270612863525,263.65514756369674,57.19797581314685,78.44442787485492
3,21,10.0,6.49852866667151,263.30718631080146,57.010902778600915,77.99567198254314
3,22,10.0,6.414372216121348,262.98948255815793,56.840256452861865,77.43375014135682
3,23,10.0,6.1740351719676765,262.6982541182347,56.68396687938616,77.0
3,24,10.770329614269007,6.228879919064536,261.69792526817037,57.1469612719712,77.0
3,25,10.770329614269007,6.3814498793525445,259.137570850585,58.07938611300263,77.0
3,26,10.770329614269007,6.360019022788033,256.57721643299965,59.0110275351377,77.0
3,27,10.770329614269007,6.31168650990412,254.0168620154143,59.94139476373796,77.0
3,28,10.770329614269007,6.161315382005265,251.45650759782893,60.87000105062509,76.5625
3,29,8.94427190999916,6.262896096095699,250.83721991037746,61.60488682915983,76.0
3,30,8.94427190999916,6.194279174716143,252.7782866405113,61.4135026770753,76.0
3,31,8.246211251235321,6.159254014549413,255.6885093277065,61.72107510346136,75.50020854636766
3,32,11.661903789690601,6.172419837694271,254.9616355723379,61.3521775847852,75.0
3,33,11.661903789690601,6.338976048244924,254.23476181696932,60.983467872131726,75.0
3,34,11.661903789690601,6.388112741054987,253.50788806160068,60.61497633413744,74.42720389074998
3,35,10.0,6.45493838639801,254.24028674693562,59.376785351121285,74.0
3,36,10.0,6.46465161500929,254.9726854322706,58.13214021957629,72.93583692837699
3,37,10.0,6.402941466175184,253.76401738747165,57.07322878104122,72.97537594233967
3,38,10.0,6.279972650744536,253.76401738747165,56.428129021039,73.02932817889338
3,39,10.0,6.372840555798225,252.55534934267274,56.009545533328186,72.6004102430839
3,40,10.0,6.571773600410131,252.55534934267274,56.009545533328186,72.0
3,41,10.0,6.660593785740184,252.55534934267274,56.009545533328186,71.56623399450616
3,42,10.0,6.736831340892552,252.55534934267274,56.009545533328186,71.0
3,43,10.0,6.809507537666007,252.55534934267274,56.009545533328186,70.4964908414596
3,44,10.0,6.828007269626755,252.55534934267274,56.009545533328186,69.99670229321335
3,45,10.0,6.837827162725179,252.55534934267274,56.009545533328186,69.53190973551897
3,46,10.0,6.766457106528792,252.55534934267274,56.009545533328186,69.0290626035064
3,47,10.0,6.69099380943831,252.55534934267274,56.009545533328186,68.51751778394618
3,48,10.0,6.737535467040492,252.55534934267274,56.009545533328186,67.99671843645129
3,49,10.0,6.755489311194338,253.28774802800766,55.400653964999634,67.48250480631876
3,50,10.0,6.714722240403467,254.02014671334263,54.79295230502109,67.00437688921932
3,51,10.0,6.521237072587246,254.75254539867757,54.18657336583636,66.63167253818592
3,52,10.0,6.346361555461889,255.48494408401248,53.58164819765327,65.95868152199493
3,53,13.416407864998739,6.301864029437889,253.60978813254675,53.39320428391125,66.00246559988571
3,54,10.770329614269007,6.319002352316996,251.66872140241284,53.58164819765328,66.0
3,55,10.770329614269007,6.510082449215251,249.727654672279,53.77036129470772,66.0
3,56,10.770329614269007,6.603421779434793,246.81743198508383,53.47219050502658,65.45587789902984
3,57,10.770329614269007,6.550997847391221,247.5443057404524,53.837280473213866,64.93255701878519
3,58,10.770329614269007,6.391421835474074,248.27117949582106,54.2031741998371,65.73434282419102
3,59,10.770329614269007,6.297232372733967,248.99805325118962,54.56984440222576,65.59833160632087
3,60,14.422205101855956,6.210302189040962,245.85821576287256,54.447890403825234,65.56002268693715
3,61,10.770329614269007,6.309216164447529,245.12581707753762,55.703425400380056,64.5
3,62,11.661903789690601,6.355046670753686,243.6665446368341,56.58765877915833,64.5
3,63,11.661903789690601,6.332505127020437,242.2072721961305,57.46776738053642,64.0
3,64,10.0,6.23103456442992,242.2072721961305,56.826786022036394,63.4375
3,65,10.0,6.208502525948695,242.2072721961305,56.18278753594097,63.0
3,66,10.0,6.272891177369711,242.2072721961305,55.53591440237626,63.028156261565314
3,67,10.0,6.161974073078024,242.2072721961305,54.8863133062972,62.598658089201436
3,68,10.770329614269007,6.120429272115698,241.4748735107956,55.496427025101795,62.028083564061845
3,69,8.48528137423857,6.1961171207143835,243.302829243046,55.16676876941955,61.466484731529775
3,70,8.48528137423857,6.254694506124559,245.13078497529642,54.83670450005397,61.0
3,71,8.48528137423857,6.258278428574963,246.9587407075468,54.5062554123992,60.56513735088921
3,72,8.48528137423857,6.352427756899677,248.78669643979723,54.175442853690114,60.0
4,0,10.0,6.857568100329338,256.0,53.13010235415597,84.85397731870596
4,1,10.0,6.80594700843229,256.0,53.13010235415597,83.9326367229994
4,2,10.0,6.7841778858953745,256.0,53.13010235415597,83.64929390440233
4,3,10.0,6.6948460767403235,256.0,53.13010235415597,84.06434900688484
4,4,8.94427190999916,6.598652690247955,262.0433402239946,55.18573036766734,83.39747125299014
4,5,8.94427190999916,6.6024677903471165,266.0722337066577,56.56092482435098,83.04379561283568
4,6,8.94427190999916,6.663016262275736,268.95001476570275,57.54451537549734,82.38202711345394
4,7,8.94427190999916,6.667263255542939,271.10835055998655,58.28252558853898,82.63396056718238
4,8,12.806248474865697,6.578560358957756,263.19657996636755,57.50968248347122,83.06437752635777
4,9,12.806248474865697,6.672041893544658,256.8671634914724,56.891188277363675,82.54039244057782
4,10,12.806248474865697,6.681788692131743,251.6885500120127,56.38511188904415,82.0
4,11,12.806248474865697,6.670178179555357,247.37303877912962,55.96341847067878,81.4981365914003
4,12,12.806248474865697,6.613327061624828,243.7214523513055,55.60666338988921,81.02982204244637
4,13,8.48528137423857,6.579823345048696,247.86269813380224,54.84951679996203,80.18507747433274
4,14,8.48528137423857,6.551891316748293,251.4517778119661,54.19239570232143,78.4152495812157
4,15,8.48528137423857,6.619491552477422,254.5922225303595,53.61685030018693,78.0
4,16,8.48528137423857,6.522176017236243,257.363203164236,53.10867538664777,77.58431488101729
4,17,8.48528137423857,6.3425921230203235,259.8262970610151,52.65676358721788,76.81098333204801
4,18,10.770329614269007,6.247720808648516,258.6612305244684,53.4712717134072,75.40343622055951
4,19,10.770329614269007,6.368100807985611,257.6126706415763,54.20628222964224,75.0
4,20,10.770329614269007,6.400740068384032,256.6639736046739,54.872682086995795,75.0
4,21,10.770329614269007,6.467883100389384,255.8015217529445,55.47949216793099,74.45357105083434
4,22,10.770329614269007,6.434154073953407,255.0140657144089,56.034243598707256,74.0
4,23,10.770329614269007,6.36639134980374,254.29223101241794,56.54326818790617,74.0
4,24,8.48528137423857,6.377335371653116,256.18849750417166,56.07906322562723,73.47141865915017
4,25,8.48528137423857,6.353435710519525,258.0164532364221,55.75240976806906,73.00337204823083
4,26,8.48528137423857,6.3308990707533415,259.8444089686725,55.425319021531536,72.33476028624487
4,27,10.770329614269007,6.285788699114082,259.11201028333755,56.03248018347323,72.15901075257462
4,28,8.48528137423857,6.3166804722646255,260.93996601558797,55.70505836575877,72.64887817341683
4,29,8.94427190999916,6.301644676255833,260.9399660155879,55.70505836575877,72.67519527510734
4,30,8.94427190999916,6.413221620805822,260.93996601558797,55.70505836575877,73.30245367546742
4,31,8.94427190999916,6.565698750362184,260.9399660155879,55.705058365758774,73.03459797195558
4,32,8.94427190999916,6.594771113101982,260.93996601558797,55.705058365758774,73.18415554630957
4,33,8.94427190999916,6.4766796081927165,264.3925374516902,56.195169356815775,73.39388287503436
4,34,8.94427190999916,6.485803458373821,267.84510888779255,56.68545493117437,73.0
4,35,8.94427190999916,6.57846379784869,271.29768032389484,57.17584335301437,73.0
4,36,8.94427190999916,6.563152286196632,274.7502517599971,57.66626279616149,72.43347956016143
4,37,8.94427190999916,6.499348068134336,278.2028231960994,58.156641407177275,71.97032923198496
4,38,8.94427190999916,6.52210837106374,277.58353550864797,58.899777251296726,72.1056660819259
4,39,8.94427190999916,6.466672304467445,276.96424782119647,59.6413376513898,72.41692471451711
4,40,8.94427190999916,6.431173851187408,276.34496013374496,60.38108004130241,72.0
4,41,8.94427190999916,6.349242350471611,275.72567244629346,61.118765465576026,71.50188249648579
4,42,8.94427190999916,6.3982175385152384,275.106384758842,61.85415902185574,71.0
4,43,8.48528137423857,6.351882884990853,277.6667391764273,60.92696869568986,71.0
4,44,8.48528137423857,6.407117145068653,280.2270935940127,59.9975020621527,70.4574552475401
4,45,8.48528137423857,6.3979703329387885,282.7874480115981,59.06624147568133,69.432826893667
4,46,8.48528137423857,6.359528306173035,285.3478024291834,58.13367494190955,69.18677888061502
4,47,10.770329614269007,6.308250817522071,285.3478024291834,58.13367494190955,69.28648091713644
4,48,10.770329614269007,6.265320624902787,285.3478024291834,58.13367494190955,69.61001169255874
4,49,10.0,6.182540472066069,283.519846696933,58.45834596947551,69.0
4,50,12.649110640673518,6.303852811715136,279.5473217747136,59.52373732654852,68.60042716797778
4,51,10.0,6.428967030232556,277.7193660424632,59.84663991308871,67.99564812545988
4,52,10.0,6.472075218513935,278.45176472779815,59.23947767618347,67.3697195084931
4,53,8.94427190999916,6.543523901578434,277.83247704034665,59.97755888050257,67.04090087608824
4,54,8.94427190999916,6.66801032644275,277.8324770403467,59.97755888050257,67.0
4,55,8.94427190999916,6.715148105315933,277.83247704034665,59.97755888050257,66.5
4,56,8.94427190999916,6.671140531364572,277.8324770403467,59.97755888050257,66.0
4,57,8.94427190999916,6.6765387640026495,277.83247704034665,59.97755888050257,66.0
4,58,8.94427190999916,6.770966004400634,277.8324770403467,59.97755888050258,65.45387540411129
4,59,8.94427190999916,6.77734270476599,277.83247704034665,59.97755888050258,65.0
4,60,8.94427190999916,6.808378190775945,277.8324770403467,59.97755888050257,65.0
4,61,8.94427190999916,6.805585644053994,277.83247704034665,59.97755888050257,65.0
4,62,8.94427190999916,6.771956456349791,277.8324770403467,59.97755888050257,65.0
4,63,8.94427190999916,6.637409477279285,277.83247704034665,59.97755888050257,64.5625
4,64,8.94427190999916,6.476171120523549,277.8324770403467,59.97755888050258,64.0
4,65,10.0,6.343624600307166,276.62380899554773,59.5622731402451,64.0
4,66,10.0,6.264105909170591,275.4151409507488,59.14685287332761,63.5017963476282
4,67,10.770329614269007,6.29282617481088,273.4740742206149,59.33791231422951,63.0
4,68,10.770329614269007,6.419989398544211,270.9137198030296,60.266713649042764,62.851024191329905
4,69,10.770329614269007,6.395768357025443,268.35336538544425,61.19358903350258,63.02336703795555
4,70,10.770329614269007,6.308834382592579,265.7930109678589,62.11806108999541,63.0
4,71,12.806248474865697,6.31541775802269,261.7211518443051,62.36534521023473,62.5625
4,72,12.806248474865697,6.23264810634581,260.2096471383367,61.69031014955286,62.0
4,73,10.770329614269007,6.186938993990866,260.2096471383367,61.69031014955286,61.48334318117725
4,74,11.661903789690601,6.2145054208085835,258.75037469763316,61.92655581540123,61.50261168989459
4,75,14.142135623730951,6.098898636037561,257.8957173269523,60.86893552871945,61.0
4,76,10.770329614269007,6.147978226968534,257.16331864161737,61.47365295697088,60.50397188882147
4,77,10.770329614269007,6.140380644857362,256.4309199562824,62.07819013075711,60.0
5,0,7.211102550927978,6.78088307016934,355.0081255841467,56.309932474020215,84.55046283440763
5,1,7.211102550927978,6.796569646771668,355.0081255841467,56.309932474020215,84.0
5,2,7.211102550927978,6.784674045024963,355.0081255841467,56.309932474020215,83.50645656379726
5,3,7.211102550927978,6.824981823538063,355.0081255841467,56.309932474020215,83.0
5,4,7.211102550927978,6.814653178101291,355.0081255841467,56.309932474020215,82.58419507618926
5,5,7.211102550927978,6.818146288258922,355.0081255841467,56.309932474020215,81.25910132001566
5,6,7.211102550927978,6.824008638590081,355.0081255841467,56.309932474020215,80.4019506310144
5,7,7.211102550927978,6.788077940059081,355.0081255841467,56.309932474020215,80.0
5,8,7.211102550927978,6.723587780827365,355.0081255841467,56.309932474020215,79.56482784727118
5,9,10.0,6.737201468828859,345.107313025732,55.99206699320955,79.0
5,10,10.0,6.763419907361554,337.0066482052109,55.731936090014855,78.09387119385978
5,11,10.0,6.784366257004342,330.25609418811,55.515128007020316,78.06430802203292
5,12,7.211102550927978,6.804369098592564,332.1600966031898,55.576281579138374,77.55336174094
5,13,7.211102550927978,6.735775152636082,333.79209867325807,55.6286973791182,77.38184477971443
5,14,7.211102550927978,6.7973570174459885,335.20650046731737,55.67412317855751,77.18816985834783
5,15,7.211102550927978,6.870080267009371,336.4441020371192,55.7138697710188,77.5604191371657
5,16,7.211102550927978,6.856773489080199,337.5361034222384,55.748939500598496,77.74554078872752
5,17,8.94427190999916,6.807546956856075,334.68502551655706,56.17495533476271,77.85326846574878
5,18,8.94427190999916,6.829215221489353,332.1340610746316,56.55644070773159,78.06435729627077
5,19,7.211102550927978,6.78640698515586,333.2777643001073,56.54410306029038,77.4935446846176
5,20,7.211102550927978,6.729000302195741,334.3125434088711,56.532941531820256,77.50027022510432
5,21,8.94427190999916,6.668182523335658,332.12636875937574,56.84629452362344,77.0
5,22,7.211102550927978,6.609630629429384,333.1212277517571,56.82294750471102,76.49641901472182
5,23,7.211102550927978,6.5172506788589635,334.03318182810665,56.80154817593259,76.02980548553657
5,24,8.48528137423857,6.508283046168911,332.73981028723284,56.33192518066896,75.42232669815539
5,25,8.48528137423857,6.454630888038479,330.60744099611736,55.88128422824476,75.06735351569343
5,26,8.48528137423857,6.345599770997922,328.4750717050019,55.42999394639823,74.18107873183394
5,27,8.48528137423857,6.3880533473683565,326.34270241388646,54.97810904038695,73.81102848378052
5,28,8.48528137423857,6.4004994088034275,324.210333122771,54.52568465555011,72.25715451798177
5,29,10.770329614269007,6.3974838659371915,319.51760941407014,54.99871730101194,71.55858196574658
5,30,10.770329614269007,6.510274269240215,314.82488570536935,55.472746432349496,71.42989778802223
5,31,10.770329614269007,6.688303790001121,310.1321619966686,55.94771011173776,71.03415676534009
5,32,10.770329614269007,6.708123585589425,305.43943828796773,56.42354564325827,70.3612053827073
5,33,10.770329614269007,6.672747656163133,300.7467145792669,56.900189619676105,70.06363782459945
5,34,10.770329614269007,6.670955034485458,300.01431589393195,57.5058840536621,69.93264781490738
5,35,10.770329614269007,6.697877860264711,299.281917208597,58.112285942285816,70.74283648583018
5,36,10.770329614269007,6.673240028379219,298.54951852326207,58.71926046581219,71.05896864014744
5,37,10.770329614269007,6.68535894519379,293.8567948145612,59.1984601181138,70.99138432409929
5,38,10.770329614269007,6.664601564170234,289.16407110586044,59.6780880552927,71.0
5,39,10.770329614269007,6.5204311604016025,284.47134739715966,60.15807755106087,70.98536889644043
5,40,10.770329614269007,6.284710643509172,279.7786236884588,60.63836157555258,70.96653290300706
5,41,8.94427190999916,6.019092135837812,277.0269667098919,60.926674838500475,70.99663128816098
5,42,12.806248474865697,6.085312878963385,273.5743952737896,59.94314250138086,70.61983068758589
5,43,14.422205101855956,5.921304149416835,269.2258897406736,59.65398609451137,69.93563733354134
5,44,14.422205101855956,5.917626245372595,262.1257272289907,59.65398609451137,70.04733451618043
5,45,8.94427190999916,5.897620853853477,259.37407025042376,59.943142501380855,69.25774001165352
5,46,8.94427190999916,5.963199707013709,259.37407025042376,59.943142501380855,68.95953323442995
5,47,8.94427190999916,6.053431522030607,256.6224132718568,60.23229530684264,68.45849983916284
5,48,8.94427190999916,6.103623055866837,253.87075629328984,60.521429783203004,68.00432929912645
5,49,8.94427190999916,6.1635649906523735,253.25146860583837,61.26118761164333,67.50158375577627
5,50,8.94427190999916,6.224873212114301,252.63218091838687,61.998592809597945,67.50609768906435
5,51,14.422205101855956,6.191949533889111,247.6643876978194,61.57550364258814,67.00335242210807
5,52,12.649110640673518,6.2637806683727355,243.69186277560001,62.641418708738286,66.0
5,53,12.649110640673518,6.325003638235962,239.71933785338067,63.704319621420105,65.97040413213568
5,54,12.649110640673518,6.33928249204916,238.3071673487467,63.83983995573066,65.37676406217253
5,55,12.649110640673518,6.4216104974101516,236.89499684411265,63.97542817971336,65.85621467355918
5,56,12.649110640673518,6.381129569291857,235.48282633947866,64.1110828246454,64.93262095058716
5,57,12.649110640673518,6.261716572345534,234.07065583484464,64.24680241738609,65.74063173574869
5,58,11.661903789690601,6.281162604011079,233.34378207947603,63.875882549438195,65.14302770171662
5,59,11.661903789690601,6.3322001514249555,232.6169083241074,63.50494101593377,65.5863481781249
5,60,12.649110640673518,6.398219051723262,231.20473781947345,63.64055131446498,64.99565278144195
5,61,12.649110640673518,6.570224676816625,229.79256731483943,63.77623185382502,64.52813885855419
5,62,12.649110640673518,6.673774572075509,228.3803968102054,63.911981165705754,64.38216386845085
5,63,8.94427190999916,6.666437451576767,230.32146354033932,63.7189531590357,64.73943901698621
5,64,8.94427190999916,6.741914979872563,232.26253027047315,63.525972782103516,64.52024342079166
5,65,8.94427190999916,6.796622949542286,234.20359700060703,63.3330443940512,64.49964942887763
5,66,8.94427190999916,6.830389804601006,234.203597000607,63.3330443940512,64.0
5,67,8.94427190999916,6.801341129632356,237.65616843670935,64.30321551454335,64.01990251850674
5,68,8.94427190999916,6.795068584461779,242.00467396982532,64.58982847857705,64.04102708370584
5,69,8.94427190999916,6.818562486702613,246.35317950294132,64.87620501464023,64.0
5,70,8.94427190999916,6.841098228616083,246.3531795029413,64.87620501464023,63.49599966618983
5,71,8.94427190999916,6.843156272970134,246.35317950294132,64.87620501464023,63.0
5,72,8.94427190999916,6.819852040589058,246.3531795029413,64.87620501464025,63.0
5,73,8.94427190999916,6.805239427445888,246.35317950294132,64.87620501464023,62.49979526060098
5,74,8.94427190999916,6.751828072829147,246.3531795029413,64.87620501464023,62.0
5,75,10.0,6.70930264276414,245.14451145814238,64.46331800307729,61.85166590166111
5,76,10.0,6.708207837216196,248.28434894645943,65.1889500556293,62.063865225970886
5,77,10.0,6.697090153410902,250.4289181364284,64.45175505594983,61.5636252360155
5,78,10.0,6.661359306958958,252.57348732639733,63.71386244397098,61.0
5,79,10.0,6.489250578174037,254.71805651636626,62.97551626886298,60.851024191329905
5,80,10.0,6.3135734162316,256.8626257063352,62.236961482073255,61.063769509332474
5,81,10.770329614269007,6.3562857361659795,258.27479621096927,62.1027696446815,61.04154140080987
5,82,10.770329614269007,6.470721290539038,259.68696671560326,61.96866362264567,60.56328276605435
5,83,10.770329614269007,6.512823178145539,260.4138404709718,62.33661490046622,60.0
6,0,8.48528137423857,6.438269567969737,301.6988933062603,45.0,84.95176435082513
6,1,8.48528137423857,6.451046680621227,301.6988933062603,45.0,84.58519209383667
6,2,8.48528137423857,6.416759958484394,301.6988933062603,45.0,84.0
6,3,7.211102550927978,6.422786859096771,315.0262013757319,47.82058051322359,83.57367685749
6,4,7.211102550927978,6.471190004585597,323.02258621741487,49.52043449690031,82.99563297057514
6,5,7.211102550927978,6.597973925010347,328.3535094452035,50.65496623701011,82.52730901501523
6,6,7.211102550927978,6.668567072488174,332.1613117507668,51.46539792977049,82.0
6,7,7.211102550927978,6.683492420623852,335.0171634799393,52.07302667453488,82.0
6,8,7.211102550927978,6.651321306427081,337.2383814915179,52.54541333958974,81.99754820945469
6,9,7.211102550927978,6.698062571226379,339.0153559007807,52.92314073250723,81.99669105584323
6,10,7.211102550927978,6.675326928011191,340.469244053814,53.2320452430046,81.63411058041731
6,11,7.211102550927978,6.628768398636835,341.6808175146751,53.489351960796625,80.25716778959736
6,12,7.211102550927978,6.630117302347687,342.70599505848065,53.70698411301379,79.46090925485476
6,13,7.211102550927978,6.675617813673819,343.58471866745674,53.8934560609568,79.02657867484837
6,14,7.211102550927978,6.749959107016135,344.3462791285694,54.055009690856224,77.75665737121122
6,15,7.211102550927978,6.697366844747151,345.012644532043,54.19632481785585,77.02664316641332
6,16,7.211102550927978,6.777308338235253,345.6006140056961,54.32097887605777,76.30849463963438
6,17,7.211102550927978,6.735018369369846,346.1232535378323,54.43175335288514,74.93577746539007
6,18,7.211102550927978,6.63437908447057,346.59087838237514,54.53084342097427,74.95932126445277
6,19,7.211102550927978,6.647209442366818,347.01174074246376,54.620004649746704,74.41042394882413
6,20,7.211102550927978,6.668070954566997,347.39252097302005,54.70065777429934,74.00433841212845
6,21,7.211102550927978,6.667263344844098,347.73868481898035,54.77396487141134,73.9568622301984
6,22,7.211102550927978,6.687436982769521,348.0547474609441,54.84088564862241,73.93597408514687
6,23,7.211102550927978,6.675322602472279,348.34447154941086,54.902219649736125,74.77860407095483
6,24,7.211102550927978,6.656367596765843,348.6110177108003,54.95863832245465,75.05996255473626
6,25,7.211102550927978,6.674203719586594,350.7433870019158,55.40967771698705,75.03025889023587
6,26,7.211102550927978,6.701213818712882,352.8757562930312,55.860127237751435,75.02534710292932
6,27,7.211102550927978,6.577829504643961,355.0081255841467,56.309932474020215,74.58173157529777
6,28,7.211102550927978,6.394464389280585,355.0081255841467,56.309932474020215,74.0
6,29,11.313708498984761,6.407861985266004,349.8587673599686,55.86012723775144,74.0
6,30,11.313708498984761,6.396727255755593,344.70940913579057,55.40967771698705,73.0
6,31,12.806248474865697,6.307831720958005,338.50518072112135,55.21072355158876,73.03789002749357
6,32,10.0,6.209372337951167,334.5448556977555,55.083355499860275,72.8114889108741
6,33,10.0,6.423885424166199,330.5845306743896,54.955983856977895,71.96379479406968
6,34,10.0,6.5092033611942925,326.6242056510237,54.82860988176459,71.99663228917552
6,35,10.0,6.50990898889607,322.6638806276579,54.70123483318166,71.6029130562084
6,36,10.0,6.370042717125447,318.703555604292,54.573859970254055,71.0
6,37,10.0,6.1248707417960295,314.7432305809261,54.44648655199569,70.54894014183394
6,38,12.806248474865697,5.986551915024068,308.5390021662569,54.2474566495656,70.0
6,39,10.770329614269007,6.270192516713635,303.8462784575561,54.71879943902588,69.49972990126022
6,40,10.770329614269007,6.479512869895769,299.15355474885524,55.19117028959854,69.4981361223471
6,41,10.770329614269007,6.689795586027005,294.46083104015446,55.66450815197898,69.0
6,42,10.770329614269007,6.758558520772401,289.7681073314536,56.13875119880989,69.0
6,43,10.770329614269007,6.714571741531653,285.07538362275284,56.61383687005238,68.49579049367676
6,44,10.770329614269007,6.669248282108687,280.382659914052,57.08970191981216,68.0
6,45,10.770329614269007,6.562128157686117,275.6899362053512,57.56628246453917,68.0
6,46,10.770329614269007,6.5044806234689485,270.99721249665043,58.04351403251359,67.49813522744199
6,47,8.94427190999916,6.497089082717368,268.24555551808345,58.33070885023786,67.0
6,48,8.94427190999916,6.488889292713509,265.4938985395165,58.61798117928565,67.0
6,49,8.94427190999916,6.454451869966292,262.74224156094954,58.90531660262868,66.33264016903064
6,50,8.94427190999916,6.387850703750975,259.99058458238267,59.192700684211935,66.0437432930074
6,51,8.94427190999916,6.341115043210773,257.2389276038157,59.480118973298445,65.36341308445745
6,52,8.94427190999916,6.3082201790697505,254.4872706252487,59.76755700882516,65.63844689670695
6,53,8.94427190999916,6.274437602729725,251.73561364668177,60.05500032376648,66.06438126740069
6,54,10.0,6.208159605859011,252.92464684749402,60.37655878829383,65.41885097863656
6,55,10.0,6.276856188932308,254.1136800483062,60.69739690740373,65.0
6,56,10.0,6.31460124053262,256.3575834396095,60.768690438482814,64.53196022305679
6,57,10.0,6.283387261306974,256.3575834396095,60.768690438482814,63.93563733354133
6,58,10.0,6.287180171439782,256.3575834396095,60.768690438482814,63.41524330499101
6,59,10.0,6.129186444658761,256.3575834396095,60.768690438482814,62.962914300018795
6,60,14.422205101855956,6.128930021927473,253.2177459512925,60.02207115797284,62.38933902272241
6,61,14.422205101855956,6.1736120043938305,250.07790846297542,59.269601507123355,62.19258582764256
6,62,10.0,6.118786735832999,250.07790846297542,59.26960150712337,62.20479782290485
6,63,11.661903789690601,6.080913665732724,250.8625394135752,59.58080612631494,62.03896369213813
6,64,12.649110640673518,6.065943676067578,249.45036890894124,59.715219849241585,61.69758045841034
6,65,12.649110640673518,6.159850132093299,248.03819840430725,59.8497467611696,61.74172975817996
6,66,10.0,6.1583438072533845,248.77059708964217,59.23984186279834,62.040550282750075
6,67,10.0,6.107494640127665,249.5029957749771,58.63025967713531,61.46652342873979
6,68,13.416407864998739,6.053485137495417,247.62783982351132,58.43859375581546,61.187531678572626
6,69,13.416407864998739,6.068045733583692,245.75268387204557,58.247093738071705,61.73056162899114
6,70,10.770329614269007,6.178971082290636,245.75268387204557,58.247093738071705,60.808486689934824
6,71,12.806248474865697,6.176485498771905,244.24117916607713,57.56647704643948,60.25916002524981
7,0,8.94427190999916,6.516302745290369,286.2167011199731,63.43494882292201,82.93998093456204
7,1,11.661903789690601,6.433793539595931,252.8674450511922,61.235596145424246,82.00321069448938
7,2,8.246211251235321,6.365840199549933,272.06016338296354,66.13532274366432,81.46788295924092
7,3,8.94427190999916,6.412901953984224,275.5992978172159,65.4563411910599,81.83309189180136
7,4,8.246211251235321,6.491389229934707,282.568558263074,67.56241564917758,81.18084635579885
7,5,8.246211251235321,6.403565298769544,287.21473189364605,68.96869828550989,81.04081706506535
7,6,8.48528137423857,6.386573889485001,289.2838978097338,65.58320756622741,81.70276527022854
7,7,8.48528137423857,6.537674369987914,290.8357722467996,63.007521376454456,81.7799757964836
7,8,8.48528137423857,6.635587913324211,292.0427856978508,60.989654580806274,81.80697467445277
7,9,8.48528137423857,6.6588225519926745,293.0083964586917,59.36982571079154,82.08821465631587
7,10,8.48528137423857,6.653590649500111,293.7984416266525,58.04280801120951,80.99674069258374
7,11,8.48528137423857,6.580232610688707,294.45681259995314,56.93689506543226,80.58395306270774
7,12,11.661903789690601,6.564649224904077,288.6923030909115,57.10226269772744,80.0
7,13,10.0,6.409866794867596,286.3571385844178,56.81234308454766,79.56830348881414
7,14,10.0,6.424026600672245,284.33332934545666,56.56181870742608,79.00327744447043
7,15,10.0,6.606573677544219,282.5624962613656,56.3431785861159,78.46921280124369
7,16,10.0,6.654904719610852,280.9999964812853,56.15070533380311,78.18401141771311
7,17,10.0,6.68139547941025,279.61110778788054,55.979970360729304,78.23776475044069
7,18,10.0,6.565582929419757,278.3684179043079,55.82749035772476,78.04105923578129
7,19,10.0,6.423463134024743,277.24999700909245,55.69048802173133,77.49563581402697
7,20,10.0,6.3009924073169,276.2380923896119,55.566721916646046,77.0
7,21,8.48528137423857,6.388208673318669,277.39540152218683,55.081726908714565,76.43791301660067
7,22,8.48528137423857,6.341830235164518,278.4520750780161,54.63889627789868,75.99669105584323
7,23,8.48528137423857,6.317954190784406,279.4206925041929,54.23300722335308,75.9082185967862
7,24,11.661903789690601,6.40064544486718,277.02459236332163,54.42777450125512,75.26075204186037
7,25,11.661903789690601,6.378640902296938,274.3566518778192,54.25057048580191,74.60815851601123
7,26,8.94427190999916,6.187038738148647,277.02459236332163,54.42777450125512,73.935851029281
7,27,15.231546211727817,6.265740966896996,271.3296577238792,54.0730356751009,74.03372677547995
7,28,7.211102550927978,6.36099133303464,274.08131470244615,53.78614655814618,73.36121210828199
7,29,8.94427190999916,6.456093956800201,273.1121587453848,53.30035814706732,72.95925684343507
7,30,8.94427190999916,6.627595558441073,272.1430027883235,52.816981946267106,72.64852569709623
7,31,8.94427190999916,6.767215872478855,271.523715100872,53.55662661924959,72.46360342958664
7,32,8.94427190999916,6.830967922744153,270.90442741342054,54.29649161374988,71.97482404101488
7,33,8.94427190999916,6.846118376807315,270.28513972596903,55.03633025877259,72.1071628761546
7,34,8.94427190999916,6.831819777068245,269.6658520385175,55.77589593601562,72.00334445687304
7,35,8.94427190999916,6.752593283303205,269.046564351066,56.51494257272284,71.93262654033259
7,36,8.94427190999916,6.700336559277055,268.4272766636146,57.25322513181389,72.43967786975368
7,37,8.94427190999916,6.609371414917898,271.095217149117,57.42985045792223,71.99566675767451
7,38,8.94427190999916,6.53163606759417,272.30388519391596,57.84416584364777,71.50212413059646
7,39,10.0,6.43607825352592,272.30388519391596,57.84416584364776,71.48824769089137
7,40,10.770329614269007,6.468500354355993,271.571486508581,58.44869876536861,71.0
7,41,10.770329614269007,6.479897304700906,270.839087823246,59.053725634231085,71.02276987586774
7,42,10.0,6.448192173355267,270.839087823246,59.053725634231085,71.0
7,43,8.48528137423857,6.393130668539567,272.66704355549643,58.731026183473624,70.5625
7,44,11.661903789690601,6.372948516301039,271.20777111479293,58.968852255591436,70.0
7,45,8.48528137423857,6.372981284569359,273.03572684704335,58.64582116523331,69.99663385516294
7,46,8.48528137423857,6.346016675462709,273.03572684704335,58.64582116523331,69.0
7,47,12.649110640673518,6.332228432547502,269.063201924824,59.70833622667746,68.48893070048982
7,48,12.649110640673518,6.324600885015603,265.0906770026046,60.769871446221224,68.23162520613157
7,49,11.313708498984761,6.3350578281107595,265.360916242496,60.21095555148511,66.95960755942218
7,50,11.313708498984761,6.26659484566638,265.6311554823873,59.65046533416855,66.50645513357652
7,51,10.770329614269007,6.145549874106563,263.6900887522535,59.842023710014374,66.0
7,52,10.770329614269007,6.2527759985955225,266.47480070450075,59.898052914308316,65.44957847747713
7,53,10.770329614269007,6.257939614159611,261.7820769957999,60.37799502463949,65.48371491694343
7,54,10.770329614269007,6.365854236967562,259.84101026566606,60.56994539065254,65.0
7,55,10.770329614269007,6.301808671787134,257.8999435355322,60.76201393590079,64.85536391697318
7,56,10.770329614269007,6.298656081630549,255.95887680539832,60.95419644894981,65.03622350391039
7,57,10.770329614269007,6.195449932325448,254.01781007526446,61.1464887031085,64.99567982576386
7,58,10.0,6.328951674521119,252.80914203046555,60.72983385949928,65.02983636092809
7,59,10.0,6.466045217444587,251.6004739856666,60.312919864892095,64.53788547329461
7,60,10.0,6.600508399934188,250.3918059408677,59.89579066330306,64.0
7,61,10.0,6.814580275407749,249.18313789606876,59.478490335359645,64.00588916466354
7,62,10.0,6.929874898271104,247.97446985126987,59.06106307046978,64.0
7,63,10.0,6.9230755904775325,246.7658018064709,58.6435531388184,64.06228919840562
7,64,10.0,6.888732683082782,246.7658018064709,58.6435531388184,64.0
7,65,10.0,6.8942067538867615,247.49820049180587,58.03455642306637,63.5
7,66,10.0,6.915353677062103,248.23059917714082,57.426153726764994,63.0
7,67,10.0,6.908550579607336,248.23059917714082,57.426153726764994,62.99831500424898
7,68,10.0,6.8657953147982305,246.40264344489043,57.751650501018204,63.02979144450937
7,69,10.0,6.843397859417769,247.86191588559396,57.51263225299783,62.40380560073699
7,70,10.0,6.896197759860314,246.03396015334354,57.837813588528,61.99663273552865
7,71,10.0,6.924503094945294,244.20600442109313,58.16242630670807,61.505466301960794
7,72,10.0,6.890937003953453,246.35057361106206,57.42296531330855,61.034074741216585
7,73,10.0,6.786787295879672,248.49514280103102,56.68514517307118,60.41700301856132
7,74,10.0,6.7098887313190625,249.6841760018432,57.00972617201063,60.02689531620666
8,0,11.313708498984761,6.904339375196341,226.2741699796952,45.0,85.42886937984328
8,1,11.313708498984761,6.78822922126647,226.2741699796952,45.0,84.17404849859491
8,2,11.313708498984761,6.4612096522188995,226.2741699796952,45.0,82.9367925152838
8,3,8.48528137423857,6.325699387683258,245.13035081133646,45.0,82.47016825415287
8,4,7.211102550927978,6.28889103755622,267.10590576589846,47.254922783164,81.82849301950617
8,5,7.211102550927978,6.329695946626604,281.75627573560655,48.764519134430465,80.30666926146507
8,6,11.661903789690601,6.3719029402780345,272.86512048515004,50.23254429997192,78.96896147144986
8,7,7.211102550927978,6.490767596381049,283.1329961225247,50.99506819451272,78.10993899280365
8,8,7.211102550927978,6.619241394474217,291.1191216182604,51.587962854688406,77.02536390082238
8,9,7.211102550927978,6.522531305688837,297.508022014849,52.06207156545338,76.22010630920961
8,10,7.211102550927978,6.2055977846598935,302.7353041575125,52.44979254002287,74.77953132414441
8,11,8.48528137423857,6.385870458897552,302.6489365865748,51.82751184483694,73.84859827813038
8,12,8.48528137423857,6.629566407579488,302.5758563342429,51.30078764667486,73.62609118072547
8,13,8.48528137423857,6.70124881004176,302.51321611795845,50.8492509045508,74.06964756479469
8,14,8.48528137423857,6.691950277368003,302.4589279305119,50.457920980232565,74.66846258972832
8,15,8.48528137423857,6.675744537547295,302.41142576649617,50.11553899314869,75.61164920103299
8,16,8.48528137423857,6.649974693927988,302.36951209236463,49.81348227774042,76.38405563996186
8,17,8.48528137423857,6.641039866036421,302.33225549313664,49.545037055094376,76.88753435077112
8,18,7.211102550927978,6.628398441357396,305.10466970845295,49.90207597967916,75.97155070824516
8,19,7.211102550927978,6.64119027845467,307.5998425022376,50.22345137207709,75.59495500107782
8,20,7.211102550927978,6.62741986625304,309.85737979185234,50.514235018620596,75.0
8,21,7.211102550927978,6.629177835110516,311.9096864187748,50.77858345185975,74.39879075092236
8,22,7.211102550927978,6.611253551331619,313.78353159987796,51.01993491390892,74.7352614558583
8,23,7.211102550927978,6.512459290669567,315.50122301588914,51.24115768922776,74.61153936659383
8,24,7.211102550927978,6.454185584013342,317.08149911861943,51.44466322633639,73.99561431926367
8,25,11.313708498984761,6.403277444286831,317.08149911861943,51.4446632263364,74.02747790037222
8,26,11.661903789690601,6.330749706022867,316.8112598787281,52.007536061725375,74.0
8,27,8.94427190999916,6.233921909004952,319.20896112433917,52.74526415786346,74.09844558877907
8,28,7.211102550927978,6.257273431172353,321.34133041545465,53.19896693956178,73.99562397701891
8,29,7.211102550927978,6.224656689922448,321.34133041545465,53.19896693956178,74.0
8,30,7.211102550927978,6.2622987166468285,321.3413304154547,53.19896693956178,73.56671361632877
8,31,13.416407864998739,6.222004019740959,320.1930482193575,53.37412060736752,73.0
8,32,13.416407864998739,6.193632876190381,313.6251685591909,53.65885216382778,72.46883350452302
8,33,13.416407864998739,6.196303348015781,307.05728889902434,53.94389216142548,72.18461094008869
8,34,18.439088914585774,6.1519499860433,298.41038359581603,53.66578839517206,72.73838848262221
8,35,18.439088914585774,6.13565445777972,289.7634782926078,53.3876463855616,72.5376673509501
8,36,12.806248474865697,6.281580520458552,285.691619169054,53.64169420077739,71.51060212566225
8,37,12.806248474865697,6.385492113375382,281.61976004550024,53.89552639983268,70.81456090143347
8,38,12.806248474865697,6.444678024534409,277.5479009219464,54.1491333063741,69.71033665739327
8,39,12.806248474865697,6.42091029226034,273.47604179839266,54.40250529652598,68.9591492424251
8,40,12.806248474865697,6.350983106720698,269.40418267483886,54.65563280098238,68.50462313477581
8,41,12.806248474865697,6.392052775081242,265.33232355128507,54.908506307067704,68.0
8,42,12.806248474865697,6.374396516594359,261.26046442773134,55.161116360765185,67.43682253121557
8,43,12.806248474865697,6.3360283347302975,255.0562360130621,54.961731652060074,66.97058515614695
8,44,12.806248474865697,6.3086295684659355,248.85200759839282,54.76231940627702,67.10497890491153
8,45,10.0,6.3848894132032346,244.89168257502698,54.63467937719874,67.0
8,46,10.0,6.540965177240296,240.9313575516611,54.507040195148676,66.48430868008552
8,47,10.0,6.618992751349596,236.9710325282952,54.379403126977,66.0
8,48,10.0,6.654423466118649,233.01070750492937,54.25176943940797,66.02286490679525
8,49,10.0,6.602378803497469,229.0503824815635,54.12414039896453,66.0
8,50,10.0,6.599713963059479,230.2394156823757,54.44880079496216,65.55263541354347
8,51,10.0,6.635067411394009,231.69868812307922,54.212060757046,64.97039621552344
8,52,10.0,6.660258319151182,230.4900200782803,53.800470335655554,64.98303828347439
8,53,10.0,6.605387956913825,226.52969505491444,53.67300901544284,64.99664678967835
8,54,10.0,6.556894146781603,222.56937003154857,53.54555805867251,64.52440474352164
8,55,10.0,6.49597874429444,218.6090450081827,53.418118725201744,64.0
8,56,10.0,6.311106796008654,221.21659964498343,53.00728830391956,63.54448095160297
8,57,16.1245154965971,6.326181176205796,219.93473269275165,52.88145893261395,63.60292182952037
8,58,16.1245154965971,6.3492437007638864,218.65286574051981,52.7557166761209,63.0
8,59,16.1245154965971,6.382646210434199,219.4500244313297,53.18955952032044,62.566521812930304
8,60,16.1245154965971,6.234460006186394,220.24718312213955,53.62359024851165,62.0
8,61,16.1245154965971,6.158291241151219,218.60166492441044,53.98014075579826,61.5
8,62,12.649110640673518,6.254737461942262,218.70099912574483,54.78079096472645,61.0
8,63,7.211102550927978,6.2358402612447845,224.90522754041405,54.98014016313859,61.00336910885261
8,64,7.211102550927978,6.2295890922658215,231.10945595508332,55.17946139613945,60.522897656561184
8,65,7.211102550927978,6.2127759755909,237.3136843697525,55.37874984632147,61.064382733389735
8,66,7.211102550927978,6.136046543727504,243.51791278442178,55.578000701034355,60.53879585007489
8,67,16.97056274847714,6.200129998291691,241.55579404185036,55.32574101626167,60.0
9,0,10.0,6.688733874603207,256.0,53.13010235415597,85.49728633616935
9,1,11.313708498984761,6.782410439371659,241.1370849898476,49.06505117707799,85.0
9,2,11.313708498984761,6.884879636497979,236.1827799864635,47.70800976159221,84.0
9,3,11.313708498984761,6.916199391089018,233.70562748477138,47.02996458907633,83.5
9,4,11.313708498984761,6.930985618076303,232.21933598375617,46.62339887979634,83.0
9,5,11.313708498984761,6.847943244234761,231.2284749830793,46.352489163799405,82.5
9,6,11.313708498984761,6.684778275117865,230.52071712545302,46.159055801983094,82.0
9,7,10.0,6.603788178038854,233.70562748477138,47.02996458907633,81.5
9,8,10.0,6.9036661960142025,236.1827799864635,47.708009761592216,81.0
9,9,10.0,7.076980215800057,238.16450198781712,48.250728876217096,80.54533453274712
9,10,10.0,7.209332878604394,239.78591089801557,48.694884901988495,80.0
9,11,10.0,7.230250887091216,241.1370849898476,49.06505117707798,79.00223171234799
9,12,10.0,7.2064491780393976,242.2803861444747,49.37827003219551,78.00309643919975
9,13,10.0,7.128600044783057,243.2603585627265,49.64672914646463,77.39953740837426
9,14,10.0,7.0356313045875005,244.1096679918781,49.879373477938884,77.0
9,15,8.48528137423857,6.980575436178234,247.70899457402697,49.574023498537144,76.43355262997142
9,16,8.48528137423857,7.050764053835987,250.8848709700407,49.30457246878097,76.0
9,17,8.48528137423857,7.050797938593082,253.7078722109418,49.06505117707798,75.1754485563542
9,18,8.48528137423857,6.992187149174015,256.2337154264849,48.850742403930425,75.59981373384063
9,19,8.48528137423857,6.915052373136801,258.50697432047366,48.65786946415937,75.0
9,20,8.48528137423857,6.880094300318559,260.56373236741587,48.48337320769134,74.53702532026634
9,21,8.48528137423857,6.846477645905564,262.4335124100906,48.32474952551482,75.06334876997634
9,22,8.48528137423857,6.813424306088472,264.1407028838371,48.17992905627443,74.52530667278855
9,23,8.48528137423857,6.733710396798051,265.7056274847714,48.047186849534896,74.0
9,24,8.48528137423857,6.625741561776837,267.14535811763096,47.92507363655956,74.0
9,25,14.422205101855956,6.445917151167989,264.0055206293139,48.05168379038184,74.11630377451795
9,26,8.48528137423857,6.376425699997152,267.0225095623765,48.05168379038184,73.84536605035103
9,27,8.48528137423857,6.371598968175813,270.0394984954391,48.05168379038182,72.35721705621759
9,28,8.48528137423857,6.391046489994642,273.0564874285017,48.05168379038184,72.02556132446729
9,29,8.48528137423857,6.2987879740592945,276.0734763615643,48.05168379038184,71.47008929534191
9,30,8.48528137423857,6.185442883527817,279.09046529462694,48.05168379038184,71.0
9,31,8.48528137423857,6.102641429712933,282.1074542276895,48.05168379038184,70.564909959018
9,32,10.770329614269007,6.242052746746466,281.3750555423546,48.64103350667688,69.48874751820253
9,33,10.770329614269007,6.429618079981573,280.64265685701963,49.23297673189421,69.41751762518844
9,34,10.770329614269007,6.543705181579679,279.9102581716847,49.82740344778864,68.93255110730107
9,35,10.770329614269007,6.498623805891541,279.17785948634975,50.42420057337246,69.73445459076227
9,36,10.770329614269007,6.425731334073886,278.4454608010148,51.02325206738686,69.53992919153892
9,37,10.770329614269007,6.356799670162507,277.71306211567986,51.62443903952534,69.0
9,38,10.770329614269007,6.337809550988182,276.9806634303449,52.227639870236466,69.0
9,39,10.770329614269007,6.341141157568819,276.2482647450099,52.832730338887245,68.50399018071697
9,40,10.770329614269007,6.235547072606337,273.6879103274246,53.76964642627444,68.49972610061008
9,41,10.770329614269007,6.150011921606319,271.12755590983926,54.70807933949239,68.00326553137172
9,42,10.770329614269007,5.994640815795212,268.5672014922539,55.647528316938995,67.40120938095434
9,43,8.94427190999916,6.104986330349076,267.9479138048024,56.39580940810355,67.81840832437193
9,44,8.94427190999916,6.177563266283505,267.32862611735095,57.14334783531101,67.73743764785785
9,45,8.94427190999916,6.203579406677071,266.70933842989945,57.88989066994279,67.53626559478882
9,46,8.94427190999916,6.229659866187739,266.09005074244794,58.635187007917324,67.49754354594853
9,47,8.94427190999916,6.137730857410362,265.47076305499644,59.37898846849254,67.02912402013229
9,48,8.94427190999916,6.028518478050089,264.851475367545,60.121049680379066,66.57624617705648
9,49,8.94427190999916,5.937273917769979,264.2321876800935,60.861128752841324,65.26131487974413
9,50,8.94427190999916,5.9352874105776365,268.58069321320943,61.14967034096654,64.96237915793353
9,51,10.0,6.089952067723868,266.752737480959,61.47121234901181,64.38412124275965
9,52,10.0,6.11366126331928,264.92478174870865,61.791962431110925,64.1900497708981
9,53,15.620499351813308,6.1362544438410564,259.4123142690225,61.59369409989898,64.2019142724029
9,54,15.620499351813308,6.1777274871317625,253.89984678933638,61.39494701455743,64.03916067104221
9,55,8.48528137423857,6.216543030819919,253.89984678933638,61.39494701455743,62.93260789515901
9,56,8.48528137423857,6.328331121195528,253.89984678933638,61.39494701455744,63.22376718855644
9,57,8.48528137423857,6.3764330745244076,256.46020120692174,60.46327400379197,63.06418744763137
9,58,8.48528137423857,6.406364641080345,259.0205556245071,59.529550198548534,62.49782779945936
9,59,8.48528137423857,6.512599041362359,261.58091004209246,58.5942661495284,62.0
9,60,8.48528137423857,6.576859415283657,264.1412644596778,57.65791737071526,61.485257993192434
9,61,8.48528137423857,6.707721953204985,266.7016188772632,56.72100277739046,60.37769456432834
9,62,8.48528137423857,6.766652120165876,269.26197329484853,55.784023097064406,60.74089867998434
9,63,8.48528137423857,6.784074541185755,271.8223277124339,54.84747926592302,60.52995793943344
9,64,8.48528137423857,6.816412644683473,274.38268213001925,53.911870823603884,60.0
10,0,8.48528137423857,6.778265818770399,301.6988933062603,45.0,85.51431916197984
10,1,8.48528137423857,6.895746902250428,301.6988933062603,45.0,84.53796196389399
10,2,8.48528137423857,7.026244247118811,301.6988933062603,45.0,84.0
10,3,8.48528137423857,7.1238668752087015,301.6988933062603,45.0,83.55615110615256
10,4,8.48528137423857,7.120106295923721,301.6988933062603,45.0,83.0
10,5,8.48528137423857,7.089453184456725,301.6988933062603,45.0,82.62165744989426
10,6,8.48528137423857,7.081708263845602,301.6988933062603,45.0,81.93337163482744
10,7,8.48528137423857,7.000840716435189,301.6988933062603,45.0,81.97525093012268
10,8,8.48528137423857,6.889517955359368,301.6988933062603,45.0,81.5625
10,9,8.48528137423857,6.866532306596585,301.6988933062603,45.0,81.0
10,10,8.48528137423857,6.891792324399347,301.6988933062603,45.0,80.5
10,11,8.48528137423857,6.882977030382548,301.6988933062603,45.0,80.0
10,12,8.48528137423857,6.856891663147383,301.6988933062603,45.0,79.50418110668218
10,13,8.48528137423857,6.816101682998401,301.6988933062603,45.0,79.0
10,14,8.48528137423857,6.84426935205983,301.6988933062603,45.0,78.00450276089921
10,15,8.48528137423857,6.793511730493105,301.6988933062603,45.0,77.9034311828895
10,16,8.48528137423857,6.678448825054786,301.6988933062603,45.0,77.27541038343486
10,17,8.48528137423857,6.5649804908837295,301.6988933062603,45.0,76.88091349083763
10,18,12.806248474865697,6.431259469974263,296.3411839331632,45.33311718472628,75.96408347885696
10,19,10.0,6.455831530546119,294.32412473650504,45.72205082669065,75.64898640040768
10,20,10.0,6.587731736348102,292.4991664157191,46.074213179509876,74.96411860402242
10,21,10.0,6.689384151313976,290.8401133968228,46.394560387854476,74.39876028138497
10,22,11.313708498984761,6.892627938863265,288.0328984656433,46.33385400535686,74.0244387770546
10,23,11.313708498984761,7.004264685457471,285.4596181120622,46.27821151017415,73.11613948165461
10,24,11.313708498984761,7.005705485364519,283.09220018676746,46.2270247497533,72.46937556366578
10,25,11.313708498984761,6.879953497033501,280.0752112537049,46.22702474975329,71.95711376501393
10,26,11.313708498984761,6.768972398376465,277.05822232064224,46.22702474975329,71.5916557397594
10,27,11.313708498984761,6.692464374126944,274.0412333875796,46.2270247497533,70.9369984540845
10,28,11.313708498984761,6.595869671734909,271.02424445451703,46.22702474975329,70.97577674686576
10,29,11.313708498984761,6.539155557026137,268.00725552145445,46.2270247497533,71.0
10,30,8.48528137423857,6.609639849001223,268.00725552145445,46.22702474975329,70.59982778596853
10,31,8.48528137423857,6.723468411548178,268.00725552145445,46.22702474975329,70.36383108997028
10,32,8.48528137423857,6.749028818542002,268.00725552145445,46.2270247497533,70.0
10,33,8.48528137423857,6.822243812513392,268.00725552145445,46.22702474975329,69.99950402075365
10,34,8.48528137423857,6.814165928968601,268.00725552145445,46.2270247497533,70.0
10,35,8.48528137423857,6.734155277332102,268.00725552145445,46.22702474975329,69.5989714615256
10,36,8.48528137423857,6.597301289149859,268.00725552145445,46.22702474975329,70.09110050296812
10,37,8.48528137423857,6.551452677451326,268.00725552145445,46.2270247497533,69.0
10,38,7.211102550927978,6.5155155590715745,270.1396248125699,46.67815620320279,69.02701516467577
10,39,7.211102550927978,6.398951356592124,272.27199410368536,47.12978207058683,68.82260387496498
10,40,12.806248474865697,6.341100255968786,268.20013498013157,47.38382545820622,68.18515006788738
10,41,7.211102550927978,6.317433910972939,270.332504271247,47.83602553130594,67.26869093854384
10,42,8.48528137423857,6.360849465662174,270.332504271247,47.83602553130594,66.97982421809002
10,43,8.48528137423857,6.511260105767801,274.4043633948008,47.58184695928962,66.82124025621519
10,44,8.48528137423857,6.681967925135847,276.2323191270512,47.25617409531867,66.15060438506742
10,45,8.48528137423857,6.812948178505073,278.0602748593016,46.930618111479,66.0
10,46,8.48528137423857,6.83352396853334,279.88823059155203,46.605199953600625,65.57815166314478
10,47,8.48528137423857,6.851659549060986,282.9052195246146,46.60519995360062,65.0
10,48,8.48528137423857,6.834311234073508,285.92220845767724,46.605199953600625,64.51125248179747
10,49,8.48528137423857,6.842772607968863,288.9391973907398,46.605199953600625,63.5
10,50,8.48528137423857,6.829255558948422,291.95618632380246,46.60519995360062,62.99677450927635
10,51,8.48528137423857,6.843398486990266,294.9731752568651,46.605199953600625,62.530296132076316
10,52,8.48528137423857,6.805442238307946,297.99016418992767,46.60519995360062,61.818764359343746
10,53,8.48528137423857,6.619084821492389,301.0071531229903,46.605199953600625,60.765339352162755
11,0,8.48528137423857,6.6597332301758,301.6988933062603,45.0,86.93598579991846
11,1,8.48528137423857,6.794753245986083,301.6988933062603,45.0,87.10345199038801
11,2,8.48528137423857,6.839984753073475,301.6988933062603,45.0,86.84452154245321
11,3,8.48528137423857,6.8507672733777065,301.6988933062603,45.0,86.18030596687193
11,4,8.48528137423857,6.930407581119968,301.6988933062603,45.0,85.28919935575648
11,5,8.48528137423857,6.979851002581722,301.6988933062603,45.0,84.46161604127614
11,6,8.48528137423857,6.993221289254837,301.6988933062603,45.0,84.02228003270663
11,7,8.48528137423857,6.991301167640422,301.6988933062603,45.0,82.79029839143476
11,8,8.48528137423857,7.046177742014248,301.6988933062603,45.0,81.43864227410026
11,9,8.48528137423857,7.060600633466167,301.6988933062603,45.0,80.95504654606793
11,10,8.48528137423857,7.043399848903134,301.6988933062603,45.0,80.50017680812509
11,11,8.48528137423857,7.102827385431177,301.6988933062603,45.0,80.0
11,12,8.48528137423857,7.123963510461512,301.6988933062603,45.0,79.5
11,13,8.48528137423857,7.1228636278111805,301.6988933062603,45.0,79.0
11,14,8.48528137423857,7.103179959054586,301.6988933062603,45.0,78.0
11,15,8.48528137423857,7.068020546929161,301.6988933062603,45.0,77.5
11,16,8.48528137423857,7.002813366503504,301.6988933062603,45.0,77.0
11,17,8.48528137423857,6.882855948290261,301.6988933062603,45.0,76.50159819541196
11,18,8.48528137423857,6.786087882219827,301.6988933062603,45.0,76.00289812907589
11,19,8.48528137423857,6.723143379665144,301.6988933062603,45.0,75.58075019079256
11,20,8.48528137423857,6.612214291832201,301.6988933062603,45.0,76.06202792616153
11,21,8.48528137423857,6.4815496317407995,301.6988933062603,45.0,74.64921369094698
11,22,10.0,6.546342486299821,299.7119849016403,45.3524472572414,74.74307725884385
11,23,10.0,6.652813877890234,297.89065219740525,45.6757719138095,75.05765759843085
11,24,10.0,6.600351172906255,296.21502610950904,45.97342207345808,74.54389849696301
11,25,10.0,6.4942876254610145,294.3870703772586,46.29832139456503,74.0
11,26,10.0,6.442897676387265,292.5591146450082,45.974206169568,73.48957206797257
11,27,11.313708498984761,6.523107898141093,289.54212571194563,45.97420616956799,73.0
11,28,11.313708498984761,6.71989510049665,286.52513677888305,45.97420616956799,73.0626840736416
11,29,11.313708498984761,6.944711239052012,283.5081478458204,45.974206169568,72.82738651178326
11,30,11.313708498984761,6.988161428933759,280.49115891275784,45.97420616956799,71.27908544502196
11,31,11.313708498984761,6.962594982271519,277.4741699796952,45.974206169568,71.01644751976814
11,32,11.313708498984761,6.978751350170688,274.4571810466326,45.97420616956799,70.8306611084472
11,33,11.313708498984761,6.937036074006736,271.44019211357,45.97420616956799,70.15744044591919
11,34,11.313708498984761,6.894267003392646,268.4232031805074,45.97420616956799,70.02673581298707
11,35,11.313708498984761,6.823015308948038,265.4062142474448,45.97420616956799,69.48530886884024
11,36,10.0,6.782851035679584,263.5782585151944,46.29936746306134,69.06749816408308
11,37,10.0,6.8079979066023535,261.750302782944,46.62470714057231,68.14062314002639
11,38,10.0,6.804939954953622,259.9223470506936,46.95020435347982,68.0
11,39,10.0,6.7123911522031845,258.0943913184432,47.27583819229849,67.48004695514933
11,40,8.48528137423857,6.675755884412663,258.0943913184432,47.27583819229849,66.93250554279082
11,41,8.48528137423857,6.7755384892690875,258.0943913184432,47.27583819229849,67.0
11,42,8.48528137423857,6.877702364412887,258.0943913184432,47.27583819229849,66.99355172698878
11,43,8.48528137423857,6.972188052528172,258.0943913184432,47.27583819229849,67.0
11,44,8.48528137423857,6.993630666268714,258.0943913184432,47.27583819229849,66.49777043172159
11,45,8.48528137423857,6.948171646870527,258.0943913184432,47.27583819229849,66.0
11,46,8.48528137423857,6.979112235046881,258.0943913184432,47.27583819229849,66.0
11,47,8.48528137423857,6.951460161667893,259.9223470506936,46.95020435347982,65.5625
11,48,10.0,7.023190586200842,259.9223470506936,46.95020435347982,65.0
11,49,10.0,7.031120802370341,259.9223470506936,46.95020435347982,64.5
11,50,10.0,6.995887107443771,259.9223470506936,46.95020435347981,64.0
11,51,10.0,6.862905383107432,259.9223470506936,47.59949204331131,63.5
11,52,8.48528137423857,6.765164497741129,262.93933598375617,47.59949204331131,63.0
11,53,8.48528137423857,6.738994071854921,265.9563249168188,47.599492043311315,62.49664049195047
11,54,8.48528137423857,6.62930260028559,268.9733138498814,47.59949204331131,62.02795318554126
11,55,14.422205101855956,6.537416343436215,267.0225095623765,48.05168379038184,61.53195225012523
11,56,14.422205101855956,6.6103651822325755,265.07170527487165,48.50420029035947,61.06746831200299
11,57,14.422205101855956,6.578794740407201,263.1209009873667,48.95698538627746,60.48169690619104
12,0,10.0,6.734762671587077,256.0,53.13010235415597,85.80271610215634
12,1,10.0,6.6439526572487955,256.0,53.13010235415597,86.06436253737023
12,2,10.0,6.584381801153004,256.0,53.13010235415597,85.49510246652648
12,3,10.0,6.577383233708142,256.0,53.13010235415597,85.0
12,4,10.0,6.56754624808556,256.0,53.13010235415597,84.95630908381054
12,5,10.0,6.486446836240056,256.0,53.13010235415597,85.0
12,6,8.48528137423857,6.474190153884789,262.52841332946576,51.97104655217288,84.96876327094263
12,7,8.48528137423857,6.685881615975716,267.4247233265651,51.10013776507965,84.93260891046091
12,8,8.48528137423857,6.81798390630844,271.2329644354201,50.422092592563764,84.97184347451417
12,9,8.48528137423857,6.876394375417025,274.2795573225041,49.879373477938884,84.66959784868867
12,10,8.48528137423857,6.820274499779094,276.7722242301183,49.435217452167485,84.70276934595442
12,11,8.48528137423857,6.7801303435995655,278.84944665313014,49.06505117707798,84.11594774230507
12,12,8.48528137423857,6.679708089673621,280.60709639567864,48.75183232196047,84.0846335503815
12,13,8.48528137423857,6.601099053824657,282.113653317863,48.48337320769134,83.10044427475978
12,14,7.211102550927978,6.510816977956148,286.97328480228197,49.005032136214155,80.92526823150467
12,15,7.211102550927978,6.4470387053247125,291.2254623511485,49.461807799665614,80.95477546163801
12,16,7.211102550927978,6.4356258050155875,294.9773837177954,49.86504795013169,80.06744067232817
12,17,7.211102550927978,6.43496956791309,298.3124249325927,50.22360956389416,78.81679777707271
12,18,7.211102550927978,6.416023337989439,301.29640917741136,50.54450438927553,77.93892484454925
12,19,13.416407864998739,6.461674765460554,295.7721454225399,51.18659519341383,77.43853243322866
12,20,11.661903789690601,6.4487058301535,292.1410046396766,51.561035839212785,77.0
12,21,11.661903789690601,6.431349896020357,288.8399675643464,51.901556645855415,76.95020218650792
12,22,11.661903789690601,6.370728853917657,285.8259771912188,52.21254588364669,77.0646548766752
12,23,8.48528137423857,6.4545774743985875,286.48734869601213,51.91124801413088,76.86571427391851
12,24,8.48528137423857,6.587314682992957,287.0958104804221,51.63400552111337,75.27717911969674
12,25,8.48528137423857,6.654473823436778,288.9237662126725,51.30760073345951,73.74313708358918
12,26,8.48528137423857,6.735422888210911,290.7517219449229,50.981050248747955,72.94292730033094
12,27,8.48528137423857,6.807324056391749,292.5796776771733,50.654375196880075,72.39008704397757
12,28,8.48528137423857,6.7505663926918436,294.40763340942374,50.327596756271795,72.0
12,29,8.48528137423857,6.628788542877407,296.23558914167415,50.00073614564764,72.01431916197984
12,30,8.48528137423857,6.523523888964262,298.06354487392457,49.673814615795365,72.07037262505837
12,31,8.48528137423857,6.565405522072843,298.06354487392457,49.67381461579536,71.00289812907589
12,32,8.48528137423857,6.651718534364404,298.06354487392457,49.67381461579536,71.04330886488292
12,33,8.48528137423857,6.730030350213601,298.06354487392457,49.673814615795365,71.0
12,34,8.48528137423857,6.788255800038374,298.06354487392457,49.673814615795365,70.85999920565646
12,35,8.48528137423857,6.887747472514101,298.06354487392457,49.673814615795365,71.06210373937472
12,36,8.48528137423857,6.893519809320207,298.06354487392457,49.67381461579536,70.59568611673984
12,37,8.48528137423857,6.89907397323338,298.06354487392457,49.67381461579536,70.0
12,38,8.48528137423857,6.87416536999846,298.06354487392457,49.673814615795365,70.06225037854723
12,39,8.48528137423857,6.7608582989651556,295.9311755828091,49.21946475644003,69.50257450899507
12,40,8.94427190999916,6.684314241663518,293.17951860424216,49.501334622209555,69.19307582063949
12,41,8.48528137423857,6.5706500654859274,291.04714931312674,49.04668229703495,69.50113177064891
12,42,8.48528137423857,6.500490596157971,288.91478002201126,48.59223246848506,68.99701335459406
12,43,10.0,6.519400323411182,284.95445499864536,48.464983820716114,68.60318824826298
12,44,10.0,6.54770704378878,287.56200963544615,48.05732215143174,68.0
12,45,8.48528137423857,6.453309958307702,290.84923780840006,47.49619089129391,67.58139538675552
12,46,8.48528137423857,6.507377374594608,294.13646598135404,46.93592750082825,67.0
12,47,8.48528137423857,6.650804126334502,297.423694154308,46.376636842063114,66.44673083111282
12,48,8.48528137423857,6.753857550527059,297.423694154308,46.376636842063114,66.0
12,49,8.48528137423857,6.826345217165403,297.423694154308,46.376636842063114,65.27648767618774
12,50,8.48528137423857,6.880314801148461,297.423694154308,46.37663684206312,64.96468943091787
12,51,8.48528137423857,6.926612560952619,297.423694154308,46.37663684206312,65.0
12,52,8.48528137423857,6.946403015825092,297.423694154308,46.37663684206312,64.5625
12,53,8.48528137423857,6.901884711612652,297.423694154308,46.376636842063114,64.0
12,54,8.48528137423857,6.794249116492561,297.423694154308,46.376636842063114,63.5
12,55,8.48528137423857,6.777071825863719,297.423694154308,46.37663684206312,62.43769289558456
12,56,8.48528137423857,6.797754574396482,297.423694154308,46.37663684206312,62.0
12,57,10.0,6.710045863888032,295.5957384220576,46.70212977156601,62.03796370208315
12,58,10.0,6.775733874776009,293.7677826898072,47.027775374133775,61.2728998250702
12,59,10.0,6.753458691301142,291.93982695755676,47.35355270498732,60.96450226225025
12,60,10.0,6.752714634663286,290.11187122530634,47.679440768334146,61.02755276033321
12,61,12.806248474865697,6.8227409543590625,286.04001210175255,47.93377617253732,60.60046010708868
12,62,12.806248474865697,6.900788130857202,281.96815297819876,48.18812089025962,60.0
13,0,10.0,7.013908004938532,256.0,53.13010235415597,84.35902461897264
13,1,10.0,7.0139009291915375,256.0,53.13010235415597,84.14195878006596
13,2,11.313708498984761,6.97266267626409,246.09138999323173,50.422092592563764,84.4560970912322
13,3,11.313708498984761,6.91491799724755,241.1370849898476,49.06505117707799,83.49971158943637
13,4,8.48528137423857,6.833588404740921,253.24944665313015,48.250728876217096,82.97834247556463
13,5,8.48528137423857,6.894244599967611,261.3243544286518,47.70800976159221,82.46638278657582
13,6,8.48528137423857,6.860831917870674,267.09214569688163,47.32049663669885,82.0
13,7,8.48528137423857,6.856440744373168,271.41798914805395,47.02996458907633,81.43410419678446
13,8,8.48528137423857,6.8737776151813215,274.7825340545213,46.80406681431214,81.00246488396299
13,9,8.48528137423857,6.8488986941428935,277.4741699796952,46.62339887979634,80.48524825137007
13,10,7.211102550927978,6.718076076059132,284.5227113982817,45.45335270944861,79.47224431891418
13,11,7.211102550927978,6.791920883885881,290.3964959137705,44.47514002181026,79.00250196182833
13,12,7.211102550927978,6.838920920311552,295.36662127303015,43.64561116136312,78.46488830757
13,13,7.211102550927978,6.852272535990143,299.6267287238242,42.933542473684135,77.4325327834255
13,14,10.0,6.86851642037298,296.7182801422359,43.61444356133309,77.14465653442193
13,15,10.0,7.010603351875304,294.1733876333462,44.21079007995571,77.09591567283528
13,16,10.0,7.036095021643098,291.92789424314935,44.737303008965476,77.74560295103727
13,17,10.0,6.924059144823351,289.93190011852994,45.205495126042095,77.58532444196183
13,18,10.0,6.6806087498932945,288.1460106386073,45.62449467432463,78.05987378986848
13,19,11.313708498984761,6.780521622334025,285.0524186056617,45.5930394123813,77.4753117407947
13,20,11.313708498984761,6.864497077599407,282.2534543853776,45.56460084858165,77.0
13,21,11.313708498984761,6.8743821775153755,279.70894145784655,45.53876488086742,76.48748844340697
13,22,11.313708498984761,6.91250617687118,277.3856905240139,45.51518988069354,76.65362187927465
13,23,11.313708498984761,6.876249793124673,275.2560438346673,45.49359150320922,76.0
13,24,11.313708498984761,6.87669662646539,273.2967688804684,45.47373116403933,75.52355853813188
13,25,11.313708498984761,6.998127859733222,272.10773567965623,45.147637466578,75.06740058367012
13,26,11.313708498984761,7.000624665743008,270.918702478844,44.821797751373495,74.34823342938641
13,27,11.313708498984761,6.958546351082369,270.918702478844,44.821797751373495,72.93943724736141
13,28,8.48528137423857,6.99609481044785,273.93569141190665,44.821797751373495,72.43272744285139
13,29,8.48528137423857,7.070186032221984,273.93569141190665,44.821797751373495,71.4053807149148
13,30,8.48528137423857,7.209613888650105,273.93569141190665,44.821797751373495,70.98048841012209
13,31,8.48528137423857,7.264288046774474,273.93569141190665,44.821797751373495,70.86146696668473
13,32,8.48528137423857,7.300699109146425,273.93569141190665,44.821797751373495,71.15469527342657
13,33,8.48528137423857,7.326517410293003,273.93569141190665,44.821797751373495,71.61946738008214
13,34,8.48528137423857,7.318195234307386,273.93569141190665,44.821797751373495,71.70717968802887
13,35,8.48528137423857,7.295517426178664,271.80332212079117,45.27335857449165,71.52086801955723
13,36,8.48528137423857,7.171168905561546,269.67095282967574,45.72418152104308,70.956110370842
13,37,10.0,7.127126564603116,265.71062780630984,46.49965896118368,71.06745917511864
13,38,10.0,7.276316126989459,261.750302782944,47.274005089373,70.42965029016335
13,39,10.0,7.343933357204149,261.750302782944,47.274005089373,69.8414730091085
13,40,10.0,7.384806941654386,261.750302782944,47.274005089373,68.7619319298693
13,41,10.0,7.326176766069941,261.750302782944,47.274005089373,67.95232866176956
13,42,10.0,7.2121232412564185,261.750302782944,47.27400508937299,67.48406038524053
13,43,10.0,7.114280166402519,261.750302782944,47.274005089373,67.02977225157827
13,44,10.0,7.012554443883888,262.93933598375617,47.59949204331131,66.58548344670157
13,45,10.0,6.80019009360381,264.1283691845684,47.92507363655956,65.99712895029813
13,46,8.48528137423857,6.7217923294714055,267.14535811763096,47.92507363655955,65.5803971891747
13,47,8.48528137423857,6.671233692208611,270.1623470506936,47.92507363655955,64.9971153107532
13,48,8.48528137423857,6.50919441866081,273.1793359837562,47.92507363655956,64.58543401479011
13,49,7.211102550927978,6.542815477149027,278.3286942079342,48.37743342329981,64.0
13,50,10.0,6.70714058125132,279.5177274087464,48.054144628920376,63.57186576279656
13,51,10.0,6.78772304476225,280.7067606095586,47.73039953713956,63.0
13,52,10.0,6.863601256846934,281.8957938103708,47.40621789630831,61.97861789280586
13,53,10.0,6.812706111033872,280.06783807812036,47.08161961986165,61.96203328911862
13,54,10.0,6.752264756216216,278.23988234586994,46.756624779417116,62.0
13,55,10.0,6.65973830299237,276.4119266136195,46.43125359772578,61.0
13,56,8.48528137423857,6.675762047012494,276.4119266136195,46.43125359772578,60.4375
13,57,8.48528137423857,6.746203373182422,276.4119266136195,46.43125359772578,60.0
13,58,8.48528137423857,6.77588973284426,276.4119266136195,46.43125359772578,60.00167320879686
13,59,8.48528137423857,6.676408163515138,276.4119266136195,46.43125359772578,60.0
14,0,8.48528137423857,6.907888293020312,301.6988933062603,45.0,85.38514757303687
14,1,8.48528137423857,6.90758681736062,301.6988933062603,45.0,84.884755232803
14,2,8.48528137423857,6.887766177996002,301.6988933062603,45.0,85.12750270386837
14,3,10.0,6.948690827194713,290.2741699796952,42.97003541092367,86.11813688936175
14,4,10.0,6.947705170078172,283.4193359837562,41.749271123782904,86.04716612119076
14,5,10.0,6.886258827880218,278.84944665313014,40.93494882292201,85.57661801109808
14,6,10.0,6.808449655302359,275.5852399883973,40.35327085353536,83.42691839725723
14,7,8.94427190999916,6.734640845175687,276.91417262984424,43.193315118244456,81.83245079029571
14,8,8.94427190999916,6.7239634969589845,277.9477869065252,45.431918458272406,79.81306032405
14,9,8.94427190999916,6.728134610824996,278.77467832787,47.23672785045572,79.02517041301104
14,10,8.94427190999916,6.723827701039839,279.4512258544248,48.719954810618795,79.06710291194632
14,11,8.94427190999916,6.581023394336295,280.0150154598872,49.958966142474715,78.11751299858282
14,12,11.661903789690601,6.500097974830534,275.3614134231583,50.66875253146882,78.0
14,13,7.211102550927978,6.507756466394341,281.0504642918003,49.44696760894181,77.4860352613236
14,14,8.48528137423857,6.503743560615373,282.42702622609767,49.144597898679855,76.31759838089019
14,15,8.48528137423857,6.5308494516139675,283.6315179186078,48.88067041613032,75.28405468132058
14,16,8.48528137423857,6.658083592361105,284.6943047061168,48.64830157061591,75.14195878006596
14,17,8.48528137423857,6.721934574339313,285.6390040727914,48.44215678369863,74.9192676089007
14,18,8.48528137423857,6.748743265006002,286.4842614008687,48.25803843023963,73.97975618169188
14,19,8.48528137423857,6.7559784772289255,287.2449929961383,48.09259854693503,73.97834247556463
14,20,8.48528137423857,6.676420666329717,287.933273963287,47.94313438899576,73.74227575547862
14,21,8.48528137423857,6.565646563345669,288.5589839334221,47.80744026170739,74.03700325714169
14,22,12.806248474865697,6.635722983400716,284.70435051098707,47.9631195883186,74.08361513653442
14,23,12.806248474865697,6.771937573435852,281.17093654042156,48.10567121970741,74.69112866709197
14,24,12.806248474865697,6.71868789377904,277.92019568750135,48.236686909242295,74.5800607274435
14,25,12.806248474865697,6.551429453216142,273.8483365639476,48.49350111591704,74.14287126469274
14,26,11.313708498984761,6.612246218919108,270.831347630885,48.493501115917034,74.24351613827332
14,27,11.313708498984761,6.689959321716719,267.81435869782234,48.49350111591703,73.53681390500952
14,28,8.48528137423857,6.744295800634591,269.64231443007276,48.81959736299005,72.97281987614788
14,29,8.48528137423857,6.826858216016025,271.4702701623232,49.1451803664469,72.4097985305384
14,30,8.48528137423857,6.87613613086091,273.2982258945736,49.47023036128869,72.62882424575125
14,31,8.48528137423857,6.818990348350533,275.126181626824,49.7947277844004,72.66510726052157
14,32,8.48528137423857,6.846423116970435,275.74546931427545,49.056264796059295,72.74389304556351
14,33,8.48528137423857,6.869599684434009,276.36475700172696,48.31951709422851,72.54192770180126
14,34,8.48528137423857,6.95921544008881,276.98404468917846,47.5847214186479,72.52769389271927
14,35,8.48528137423857,7.030979028696427,277.60333237662996,46.85211068947193,72.0
14,36,8.48528137423857,7.048519043398223,278.2226200640814,46.12191358773032,71.99624294442103
14,37,8.48528137423857,7.0570488041028625,281.5098482370354,45.56386821324732,72.02342055978681
14,38,8.48528137423857,7.090874829976366,279.37747894591996,46.01324768760869,71.60478457879955
14,39,8.48528137423857,7.122886883205644,279.37747894591996,46.01324768760869,71.0
14,40,8.48528137423857,7.210967349675854,279.37747894591996,46.01324768760869,71.08414883832256
14,41,8.48528137423857,7.242702346503484,279.37747894591996,46.01324768760869,70.62629615408031
14,42,8.48528137423857,7.228284700209352,279.37747894591996,46.0132476876087,70.0
14,43,8.48528137423857,7.249492833794923,279.37747894591996,46.01324768760869,69.57977159934619
14,44,8.48528137423857,7.278999319067145,279.37747894591996,46.01324768760869,68.99729222865282
14,45,8.48528137423857,7.225916870631684,279.37747894591996,46.01324768760869,68.52317316269412
14,46,8.48528137423857,7.151435231847313,279.37747894591996,46.01324768760869,67.99727637964412
14,47,8.48528137423857,7.007455991801429,283.4493380694737,45.759784383696186,67.06744067232817
14,48,10.0,6.978738943530385,285.6932414607771,45.83097715412065,66.43596138612666
14,49,10.0,7.071185326984321,287.93714485208045,45.9021897879726,66.06744728243511
14,50,10.0,7.110931087547865,290.1810482433838,45.97342207345808,65.20079032385519
14,51,10.0,7.123768045453942,291.37008144419605,46.29832139456503,64.84298036688497
14,52,10.0,7.118630008383025,292.5591146450082,46.62339887979634,63.434619993236275
14,53,10.0,6.991236150958112,290.7311589127578,46.94863373101244,62.9549342982871
14,54,10.0,6.851914569808259,288.90320318050743,47.274005089373,62.502809590870754
14,55,10.0,6.640395415334106,287.075247448257,47.599492043311315,62.0
14,56,8.48528137423857,6.532917406628915,287.075247448257,47.59949204331131,61.49971536402215
14,57,8.48528137423857,6.426614235325023,287.075247448257,47.59949204331131,61.0
14,58,8.48528137423857,6.331086790369158,287.075247448257,47.59949204331131,60.4375
14,59,10.0,6.426515014404978,285.2472917160066,47.27583819229849,60.0
14,60,10.0,6.53153381998786,283.4193359837562,46.951777508890935,60.0
15,0,12.806248474865697,6.283337372866978,199.90241521741578,51.34019174590991,86.96143462524792
15,1,10.770329614269007,6.273385798208931,218.7962240420211,59.76939112977905,87.0
15,2,8.246211251235321,6.230049538585395,249.34601604351613,65.19076598517927,87.00389474165758
15,3,10.770329614269007,6.267192887041111,246.4320202492937,65.95174136610761,87.07528308425654
15,4,10.770329614269007,6.26294760622315,244.68362277276023,66.40551317107172,86.88085992982212
15,5,7.211102550927978,6.295034895765689,263.0710399079913,64.71371032596448,85.44122533873006
15,6,7.211102550927978,6.358713574002402,276.2049092902992,63.50498160126545,84.94944156885909
15,7,7.211102550927978,6.362542341828728,286.05531132703015,62.59901296212933,84.60009179994185
15,8,10.0,6.498520367435527,282.71583229069347,59.78190007149955,84.4936917047256
15,9,10.0,6.523299632679033,280.0442490616241,57.49622005314968,82.6409480106357
15,10,10.0,6.543749626855151,277.85840823784014,55.61015373910098,82.0
15,11,10.0,6.478120049338024,276.0368742180201,54.03052936596973,81.22298376390245
15,12,8.94427190999916,6.476220704765006,276.81993782586267,54.77109179564128,79.37368980267173
15,13,8.94427190999916,6.745783066167401,277.4911352040134,55.40424519590606,79.52339911054017
15,14,8.94427190999916,6.790197353361971,278.0728395984107,55.9516509280266,78.87351908047157
15,15,8.94427190999916,6.822033183446186,278.58183094350835,56.429540891543816,77.32301774146381
15,16,8.94427190999916,6.874384252236363,279.03094095388866,56.850310806118394,77.36461725927666
15,17,8.94427190999916,6.871698182076097,279.43014985200443,57.223585830276086,77.0
15,18,8.94427190999916,6.852229404346792,279.78733676084494,57.556950951903715,76.47987515759117
15,19,8.94427190999916,6.773850388735651,280.1088049788013,57.856462639493245,76.0
15,20,10.0,6.668560925864803,278.96076664647745,57.62715044859685,76.0
15,21,10.0,6.674320735400748,277.9170954352739,57.419020369527516,75.48115228247502
15,22,10.0,6.751095070105655,276.96417824243593,57.22927181776633,74.93060859388439
15,23,10.0,6.78652037988386,276.09067081566775,57.05557632551326,74.60192216049447
15,24,10.0,6.683034543752104,275.28704398304103,56.895982219330286,75.07876995647938
15,25,10.0,6.53566675882425,277.5309473743444,56.96855839426911,74.60344227572578
15,26,7.211102550927978,6.53157796242139,282.22367108304525,55.59016349369014,74.06716313741093
15,27,7.211102550927978,6.53325944797002,284.00617210455084,53.90525903424741,73.0
15,28,7.211102550927978,6.564845534297322,288.6988958132517,52.519788719685685,72.65841275984583
15,29,7.211102550927978,6.551659125139392,293.39161952195246,51.132473435853335,71.92028235184897
15,30,7.211102550927978,6.520613590128665,293.39161952195246,50.21870728001875,72.0
15,31,12.806248474865697,6.485912295822546,287.18739110728325,49.5002268810852,72.05722641295587
15,32,7.211102550927978,6.4847140289839365,287.18739110728325,48.582520148875496,72.0
15,33,12.806248474865697,6.466340863116287,284.94348771597987,48.65451185951667,71.0046266245382
15,34,12.806248474865697,6.575150551830883,282.6995843246765,48.72646878229751,71.0183846070083
15,35,12.806248474865697,6.606392998054714,280.4556809333731,48.79839071560462,70.85986485585478
15,36,8.94427190999916,6.573564977886725,281.66434897817203,49.876043238515756,69.94987167832255
15,37,8.94427190999916,6.535710891716153,281.66434897817203,49.876043238515756,70.06726633617252
15,38,12.806248474865697,6.499661934266821,278.21177754206974,48.870277458461636,69.18157265543398
15,39,12.806248474865697,6.5860639691609455,274.75920610596745,47.865852102984356,69.0
15,40,12.806248474865697,6.605561514951831,271.30663466986516,46.86338024297098,68.69567414199625
15,41,12.806248474865697,6.443340116034839,267.8540632337629,45.86346778862474,69.09648397070661
15,42,8.48528137423857,6.421123085756595,268.4733509212144,45.12427448049606,68.982358555698
15,43,8.48528137423857,6.4439302785410915,269.0926386086658,44.38812115883409,69.32155514923608
15,44,8.48528137423857,6.431843014843467,269.7119262961173,43.65523058393404,69.09998551038177
15,45,8.48528137423857,6.348364950475189,271.53988202836774,43.32771218348805,69.04688688872176
15,46,8.48528137423857,6.264806094743597,273.36783776061816,43.00056954978953,68.49707763499894
15,47,8.48528137423857,6.295428543915196,275.1957934928686,42.67382332873957,68.0
15,48,8.48528137423857,6.368029649646662,277.023749225119,42.34749401311093,67.46219821496524
15,49,8.48528137423857,6.363214570251914,278.8517049573694,42.02160193523679,66.93262945195029
15,50,8.48528137423857,6.311509288223878,280.6796606896198,41.69616725985135,67.0719008870109
15,51,8.48528137423857,6.281245185283508,278.54729139850434,42.151425517041275,66.5187500711788
15,52,8.48528137423857,6.39191880402916,276.41492210738886,42.60632941081339,66.0
15,53,8.48528137423857,6.500187700864184,274.28255281627344,43.060822077510124,65.5
15,54,8.48528137423857,6.65219207103017,272.150183525158,43.5148469631883,65.0
15,55,8.48528137423857,6.6976430656448915,270.01781423404253,43.968347865189834,64.5
15,56,8.48528137423857,6.711887339901113,274.0896733575963,44.22330857794453,64.0
15,57,8.48528137423857,6.680845371824568,271.95730406648084,44.675966649259394,63.0
15,58,8.48528137423857,6.582385872003252,276.02916319003464,44.93055180234224,62.5
15,59,11.313708498984761,6.3317514416514555,277.0840333805258,45.18501446118273,62.0
15,60,11.313708498984761,6.38181133398232,278.138903571017,45.43934468357881,61.5
15,61,11.313708498984761,6.625855245774088,275.7412023254059,44.711506925332536,61.0
15,62,11.313708498984761,6.718298859578529,273.34350107979475,43.98675231239131,60.50284540794382
15,63,11.313708498984761,6.750817230350579,274.3983712702859,44.240215616303814,60.0
16,0,11.661903789690601,6.347919922681656,219.5181889824113,59.03624346792648,91.68568635213278
16,1,11.661903789690601,6.311269967018175,219.5181889824113,59.03624346792648,90.84785583789703
16,2,13.416407864998739,6.129365875240759,209.94917068160154,60.50215835945074,89.9233648610562
16,3,10.198039027185569,6.052734023424069,220.21904125542005,65.02255640091755,88.84505439290491
16,4,11.313708498984761,6.139465430492719,221.43006700027507,61.025440934073636,88.2943389945946
16,5,11.313708498984761,6.212132887527507,222.2374174968451,58.33421421800335,87.72046525475852
16,6,10.770329614269007,6.184914207308226,224.44493397824243,59.763792242072135,86.45959581755562
16,7,8.94427190999916,6.166462657056973,232.16640487095876,60.23024438903885,86.5075290055926
16,8,8.94427190999916,6.299591714101607,238.17199334307145,60.59161221196492,86.0
16,9,10.0,6.457667935171547,239.95479400876428,59.836682376262814,85.26104679624778
16,10,10.0,6.55481386658493,241.41344909887664,59.219955672869595,83.94625545876814
16,11,10.0,6.54042935701182,242.6289950073036,58.70677481037408,83.46015447890318
16,12,10.0,6.506115528922312,243.6575338528956,58.273147205398125,82.40708256590547
16,13,14.142135623730951,6.473595958776577,239.1833768622428,57.32093265243402,79.86865400417832
16,14,8.48528137423857,6.4358623267468555,243.35107795851064,56.494476966059544,77.87792829792971
16,15,8.48528137423857,6.569138063864624,246.99781641774499,55.77069515468963,77.29185449459035
16,16,8.48528137423857,6.7356951431131655,250.2155268229518,55.13176642899965,76.33659457962389
16,17,8.48528137423857,6.825516339079503,253.07571384980227,54.563729751721716,75.76601686239039
16,18,8.48528137423857,6.778781966342279,255.6348285580369,54.05550186253314,75.93325934074008
16,19,8.48528137423857,6.773743084179973,257.93803179544807,53.59817801000326,76.36208417569584
16,20,8.48528137423857,6.741054141684937,260.021882343582,53.18452557800906,76.09527593604957
16,21,8.48528137423857,6.6882867283220575,261.91629193279465,52.80861171635495,76.05055843114091
16,22,8.48528137423857,6.6306299210570145,263.6459702533801,52.46552562427805,75.47625488433482
16,23,8.48528137423857,6.627523914984421,265.23150871391675,52.15116872481615,75.0
16,24,8.48528137423857,6.563526799239149,266.6902040976105,51.86209422962609,74.45108405565787
16,25,8.48528137423857,6.453930817642841,269.97743227056446,51.29468566202938,74.0
16,26,10.198039027185569,6.203511065816656,271.23785083034306,52.05341889124692,73.50610508215162
16,27,10.198039027185569,6.133802282166816,273.6465515862188,52.64063648900091,73.0
16,28,10.198039027185569,6.005976570711364,273.6465515862188,52.640636489000926,73.0
16,29,10.198039027185569,6.086378200865822,274.636730906106,53.983956851243825,73.0
16,30,14.142135623730951,6.200243129339994,272.8265375462684,53.983956851243825,72.5
16,31,10.0,6.471735468569045,273.55893623160335,53.37323914278027,72.0
16,32,10.0,6.5823641401267015,272.35026818680444,52.953912334260906,71.5103580696739
16,33,10.0,6.590757740133814,271.14160014200553,52.535157213117245,71.67800252145874
16,34,10.0,6.496875814776323,271.14160014200553,52.535157213117245,71.46330486918609
16,35,10.0,6.4462981428091615,271.14160014200553,52.53515721311725,70.97962334829478
16,36,10.0,6.4665025132477805,271.14160014200553,52.53515721311725,71.52230557487617
16,37,10.0,6.526191793801169,271.14160014200553,52.53515721311725,72.06710291194632
16,38,10.0,6.533709825914983,274.14082670265526,52.86640929069263,71.29478423834104
16,39,10.0,6.500618416653325,272.31287097040484,53.19740707184102,70.94209652300405
16,40,8.94427190999916,6.456773105937825,271.69358328295334,53.94699426737303,70.98146530083011
16,41,11.661903789690601,6.4873155215804,268.4063551099994,54.518301262160314,70.24808624328425
16,42,11.661903789690601,6.504846079044948,265.11912693704545,55.08911123174617,70.63760780349853
16,43,11.661903789690601,6.516261330381858,261.8318987640915,55.659311686913306,71.15201612397378
16,44,11.661903789690601,6.379511566115003,258.5446705911375,56.228790861288935,70.87860143961234
16,45,8.246211251235321,6.368172623372894,258.89453886074733,57.473807471497835,69.83223165107208
16,46,8.246211251235321,6.41561816886114,259.2444071303572,58.72167343718028,69.27203163828835
16,47,8.246211251235321,6.598679451889423,259.59427539996705,59.97121177669485,68.26222630394362
16,48,8.246211251235321,6.622633645700164,259.9441436695769,61.221236000352405,67.95491761949435
16,49,8.246211251235321,6.450098783489051,260.2940119391867,62.47055684888252,67.932718616489
16,50,8.246211251235321,6.440976934549093,260.64388020879653,63.7179890712691,68.30982679029154
16,51,8.246211251235321,6.3852024416147914,263.0205580915818,63.60993117598609,68.60074525959425
16,52,8.48528137423857,6.407695622313798,265.04736770475716,62.25553441356877,69.03693300769302
16,53,8.48528137423857,6.3988006877721135,267.07417731793254,60.90067880825839,69.09998551038177
16,54,8.48528137423857,6.332574829840279,269.10098693110797,59.54687838184347,69.04688688872176
16,55,8.48528137423857,6.256976049654841,273.9281692240081,59.54687838184347,68.4936713504583
16,56,8.48528137423857,6.268025639494752,275.75612495625853,59.22087548722305,68.0
16,57,8.48528137423857,6.288528257973028,277.58408068850895,58.89420669684912,67.46219821496524
16,58,8.48528137423857,6.278752462944483,279.41203642075936,58.56689126993794,67.02476804083608
16,59,8.48528137423857,6.224295335526427,281.2399921530098,58.23894871083299,67.04650287409527
16,60,11.313708498984761,6.231409239255824,280.05095895219756,57.91039876303067,66.5187500711788
16,61,8.48528137423857,6.3476315286818865,281.878914684448,57.58126140298698,66.0
16,62,8.48528137423857,6.4772351671710675,283.7068704166984,57.251556833709195,65.5
16,63,8.48528137423857,6.617034273268352,285.5348261489488,56.92130547813642,65.0
16,64,8.48528137423857,6.68411037761553,287.3627818811992,56.590527972313666,64.5
16,65,8.48528137423857,6.686930851865981,287.9820695686507,55.83629829347908,63.5
16,66,8.48528137423857,6.64210135534382,291.2692977416047,55.2614249835805,63.0
16,67,8.48528137423857,6.541959409301652,294.5565259145586,54.685897248028866,62.5
16,68,11.313708498984761,6.337018843373558,294.82676515444996,54.10983028424159,62.0
16,69,11.313708498984761,6.406970487187549,295.09700439434135,53.533339941502554,61.5
16,70,11.313708498984761,6.624958840342941,291.7301471916689,52.285837706079,61.0
16,71,11.313708498984761,6.709309576661669,288.3632899889964,51.04610983394983,60.0
17,0,8.48528137423857,6.916650180506947,301.6988933062603,45.0,90.05783264287638
17,1,8.48528137423857,6.841471507303724,301.6988933062603,45.0,89.83131833234047
17,2,8.48528137423857,6.747638311249931,301.6988933062603,45.0,90.690149279911
17,3,10.0,6.647183232836915,290.2741699796952,47.02996458907633,90.56990386369
17,4,10.0,6.637405073531797,283.4193359837562,48.250728876217096,91.14054787984844
17,5,10.0,6.558973701637297,278.84944665313014,49.06505117707798,91.4384316430079
17,6,10.0,6.49631301141736,275.5852399883973,49.64672914646463,91.0
17,7,11.313708498984761,6.543521156726651,269.4213562373095,49.06505117707799,90.56986862156049
17,8,11.313708498984761,6.660129119989663,264.6272244309079,48.61262883816985,90.066070848246
17,9,11.313708498984761,6.73551906503275,260.79191898578665,48.250728876217096,88.33054657063172
17,10,11.313708498984761,6.703840382132068,257.6539418034147,47.954675930800526,86.9643025516678
17,11,11.313708498984761,6.696015784125485,255.03896081810475,47.70800976159221,86.18413889782089
17,12,11.661903789690601,6.70573893484756,252.30659375382064,48.57677476156814,84.05844905887878
17,13,11.661903789690601,6.782145573105896,249.9645648415771,49.32296974968199,83.95335166964861
17,14,11.661903789690601,6.790642959247313,247.93480645096602,49.97061727773401,81.9483198443119
17,15,11.661903789690601,6.70833272093166,246.15876785918138,50.53789305855886,81.10029808042714
17,16,8.48528137423857,6.639444769628879,249.4258340619507,50.21091370999386,79.94558281400134
17,17,8.48528137423857,6.680288328247889,252.32989290885678,49.92030427167738,78.92431900444464
17,18,8.48528137423857,6.663761034613991,254.9282613508254,49.66032906089219,78.02080695926142
17,19,8.48528137423857,6.602401005190775,257.26679294859713,49.42639590343972,77.20875202568142
17,20,10.0,6.60586770884168,257.20646947485443,48.8297348815265,75.42537133972337
17,21,10.0,6.5726294365303,257.1516299532701,48.286486489761344,74.99822672875698
17,22,10.0,6.507067496452732,257.10155908573665,47.789871638476974,74.45445538555816
17,23,10.0,6.373385034379057,257.0556607904976,47.33419867447427,74.0
17,24,10.0,6.542798938388787,257.0134343588777,47.567365485555364,74.6555630392605
17,25,10.0,6.644982367983315,255.1854786266273,47.89465240878248,75.02418704151414
17,26,10.0,6.6507973921340735,253.3575228943769,48.22201573897617,75.0
17,27,10.0,6.584194525975612,251.52956716212648,48.54943412334612,75.53235445070533
17,28,10.0,6.511943100418363,251.52956716212648,48.549434123346124,75.88629642986109
17,29,8.48528137423857,6.418887639967514,253.3575228943769,48.22201573897617,75.43050148231282
17,30,8.48528137423857,6.6941454689029145,255.1854786266273,47.89465240878248,75.40581378108845
17,31,8.48528137423857,6.735011736807714,257.0134343588777,47.56736548555537,75.41185129735244
17,32,8.48528137423857,6.758643455580304,260.03042329194034,47.567365485555364,74.96328193216384
17,33,8.48528137423857,6.717258339597529,263.0474122250029,47.56736548555537,75.14351658642025
17,34,8.48528137423857,6.683086077091467,266.0644011580655,47.567365485555364,74.99075477362206
17,35,8.48528137423857,6.55433225725824,269.0813900911281,47.567365485555364,74.93596493874566
17,36,10.0,6.5902760145268955,270.2704232919403,47.89465240878248,74.29460934426896
17,37,10.0,6.737782933487722,271.7296957326439,47.659285767583725,73.33280862374083
17,38,10.0,6.774782409532722,273.1889681733474,47.42420514988222,72.97605822790159
17,39,10.0,6.779563642543228,274.64824061405096,47.18941793466115,73.0188422058774
17,40,10.0,6.774791365642888,276.1075130547545,46.95493144308376,72.5334290888235
17,41,10.0,6.71106278806415,274.2795573225041,47.281355266903276,72.0
17,42,10.0,6.651942937784075,272.4516015902537,47.607894957520465,72.07680310751459
17,43,10.0,6.646032234788487,270.6236458580033,47.93452935417879,72.06691267735482
17,44,10.198039027185569,6.556572366818684,268.5968362448279,49.23809880529205,71.18376918668298
17,45,10.198039027185569,6.558568457151313,268.39798236390294,50.880206596975384,70.97206395477117
17,46,10.198039027185569,6.598917689961465,268.199128482978,52.53378091451459,71.00260087360374
17,47,10.0,6.489364963810597,268.199128482978,53.1869810212025,71.0
17,48,10.0,6.424426627194833,268.199128482978,53.838045478816234,70.48939916582972
17,49,8.94427190999916,6.409119403461774,269.4077965277769,54.25470530734768,70.0
17,50,10.0,6.438818595047364,269.4077965277769,54.25470530734767,70.0
17,51,10.0,6.4298478572743925,269.4077965277769,53.60398943023551,69.46770906441162
17,52,10.0,6.470818467977905,269.4077965277769,52.95102953911477,68.50260394926389
17,53,10.0,6.465747726103084,269.4077965277769,52.295984449751245,68.0
17,54,10.0,6.5680492537234265,267.5798407955265,51.97058467535114,67.5
17,55,10.0,6.48526490951466,265.75188506327606,51.644462476439344,67.0
17,56,10.0,6.429938009678375,263.92392933102565,51.31763664500265,66.0
17,57,10.0,6.4732635203683895,262.09597359877523,50.990126237340654,65.4989810543363
17,58,10.0,6.473387890801268,260.2680178665248,50.66195056859037,65.02102724935561
17,59,8.94427190999916,6.481736493650609,259.64873017907337,51.41418698942431,64.06716313741093
17,60,8.94427190999916,6.604061662792265,259.02944249162186,52.167391780729496,62.62876565997428
17,61,8.94427190999916,6.60552734549872,260.2381105364208,52.58808455113969,62.5083593842312
17,62,10.0,6.669410621300255,260.2381105364208,52.5880845511397,61.86172718966314
17,63,10.0,6.888082304719476,260.2381105364208,52.5880845511397,60.33722539761911
18,0,10.0,6.654964209317977,256.0,36.86989764584402,90.49082789337457
18,1,10.0,6.566873845903659,256.0,36.86989764584402,88.77198708388353
18,2,7.211102550927978,6.562105625434143,289.0027085280489,43.322013088225596,87.92340453952522
18,3,11.313708498984761,6.588207509002991,273.3205738909605,43.7455376003265,86.73799742472377
18,4,11.313708498984761,6.556622735262047,263.9112931087074,43.99837092777536,85.38052802365277
18,5,11.313708498984761,6.4931921064031055,257.63843925387204,44.16638986945752,84.4689364987057
18,6,8.48528137423857,6.395703924667899,263.93278983278464,44.28613975306728,84.0
18,7,8.48528137423857,6.57653479982708,268.6535527669691,44.37580768004664,81.93571629000974
18,8,8.48528137423857,6.65146711132842,272.32525727133475,44.445463648937164,81.07804048612914
18,9,8.48528137423857,6.674003012453602,275.26262087482735,44.50113433755585,80.56233653911696
18,10,8.48528137423857,6.634139439137984,277.66591836859396,44.54664729055139,80.047393173483
18,11,11.313708498984761,6.603901742813939,273.38327266951904,44.58455012614528,80.19328226516399
18,12,11.313708498984761,6.69064503258203,269.7594955395326,44.61660426031232,80.2967551697999
18,13,11.313708498984761,6.759101582220791,266.6534008566871,44.64406646108209,80.20898402123204
18,14,11.313708498984761,6.7498092446681195,263.96145213155427,44.66785749501371,80.13451795357227
18,15,10.0,6.704750576889164,263.4638613733322,45.19646917829075,79.56061588772039
18,16,10.0,6.88147870906683,263.02481070431264,45.66327471894513,79.14040141969939
18,17,10.0,6.944009963466131,262.63454344296196,46.07846267590066,79.60159449001304
18,18,10.0,6.983720262073111,262.28535694596394,46.45010878658169,79.05428894501836
18,19,10.0,6.996918645411003,261.97108909866574,46.784694394905095,78.5263279377445
18,20,10.0,6.937818157318231,261.6867515225388,47.08747995821453,78.00993547763332
18,21,10.0,6.88579503711896,261.42826281696887,47.36277862050227,76.91580195241073
18,22,10.0,6.8182722553253345,261.1922513901441,47.61415961183467,75.94465690679375
18,23,10.0,6.695741426894958,260.97590758222145,47.84460155039591,75.22048386633024
18,24,8.48528137423857,6.765129735234374,262.60482701118303,47.73039953713956,73.94947015458277
18,25,8.48528137423857,6.918237659605113,264.4327827434334,48.05414462892037,73.35402985717874
18,26,8.48528137423857,7.026945224521614,266.2607384756838,48.37743342329981,73.0
18,27,8.48528137423857,7.103505369262896,264.1283691845684,47.92507363655956,72.9375
18,28,8.48528137423857,7.135811524642237,267.14535811763096,47.92507363655955,73.0
18,29,8.48528137423857,7.120622410627739,270.1623470506936,47.92507363655956,73.54257629555161
18,30,8.48528137423857,7.135765399125927,273.1793359837562,47.92507363655956,73.89780973114915
18,31,8.48528137423857,7.151319073854769,273.1793359837562,47.925073636559546,73.94712642365147
18,32,8.48528137423857,7.1312310022508285,273.1793359837562,47.92507363655956,74.20267665464323
18,33,8.48528137423857,7.1079142521516605,273.1793359837562,47.92507363655955,73.93168443163742
18,34,8.48528137423857,7.101741939308594,273.1793359837562,47.92507363655956,73.87036373955563
18,35,8.48528137423857,7.104182691557456,273.1793359837562,47.92507363655956,74.65150778994587
18,36,8.48528137423857,7.092012117554166,276.19632491681875,47.925073636559546,74.52740441241625
18,37,8.48528137423857,7.090369358353896,279.2133138498814,47.92507363655956,73.99911336437849
18,38,8.48528137423857,7.033965506167459,282.23030278294397,47.92507363655955,74.01665840657023
18,39,8.48528137423857,6.992274011847615,285.2472917160066,47.92507363655956,73.43699779824871
18,40,8.48528137423857,6.960514002833513,287.075247448257,47.59949204331131,72.3444369607395
18,41,8.48528137423857,6.919629149263319,288.90320318050743,47.27400508937299,71.91750549631419
18,42,8.48528137423857,6.959590194459465,290.7311589127578,46.94863373101245,70.38378939504899
18,43,8.48528137423857,7.0765312364665185,292.5591146450082,46.62339887979635,69.94837235003031
18,44,8.48528137423857,7.080133678211093,294.3870703772586,46.29832139456503,69.40942138218226
18,45,8.48528137423857,7.076084409892603,296.21502610950904,45.97342207345808,68.98699256860186
18,46,8.48528137423857,7.114333081574935,298.04298184175946,45.648721645998315,68.96239245438605
18,47,8.48528137423857,7.100183050069291,299.8709375740099,45.32424076524163,69.0
18,48,8.48528137423857,6.9968857189343,301.6988933062603,45.0,68.49658323286062
18,49,8.48528137423857,6.906749213113913,301.6988933062603,45.0,67.47896283877351
18,50,8.48528137423857,6.789013338853798,301.6988933062603,45.0,67.0
18,51,8.48528137423857,6.796363535817864,301.6988933062603,45.0,66.40471917890774
18,52,8.48528137423857,6.699552663579777,301.6988933062603,45.0,66.0
18,53,8.48528137423857,6.5379275994471655,301.6988933062603,45.0,65.4138970330707
18,54,10.0,6.468748803465537,299.8709375740099,44.675759234758374,64.94944156885909
18,55,8.94427190999916,6.547684025412433,299.25164988655837,45.40160603706092,63.94447429746897
18,56,8.94427190999916,6.597907920440848,298.63236219910686,46.13031617732426,64.0046109987399
18,57,8.94427190999916,6.600663763475924,298.0130745116554,46.86166955902963,63.438906900400966
18,58,8.94427190999916,6.590286036153007,297.3937868242039,47.59544104281302,63.0
18,59,8.94427190999916,6.648034294641246,296.77449913675247,48.33140082727907,63.0
18,60,8.94427190999916,6.6962102607976215,296.1552114493009,49.06931485175347,62.451562231165155
18,61,8.94427190999916,6.579102980614414,295.53592376184946,49.808945219362556,62.00462184026332
18,62,8.94427190999916,6.388880983991987,294.91663607439796,50.55005063865242,61.448069792595525
18,63,11.313708498984761,6.386191639942229,291.8996471413354,50.55005063865243,61.50355494534821
18,64,11.313708498984761,6.405494014678377,288.88265820827274,50.55005063865242,60.452031234398504
18,65,14.422205101855956,6.325895886386775,283.9148649877053,51.00728494621057,60.004626777989444
19,0,8.48528137423857,7.016653582311604,301.6988933062603,45.0,95.6714947907509
19,1,8.48528137423857,7.0337692502646405,301.6988933062603,45.0,95.56570293002528
19,2,8.48528137423857,7.0372037356452575,301.6988933062603,45.0,95.00989354825542
19,3,8.48528137423857,6.948123700019567,301.6988933062603,45.0,94.21316576735435
19,4,8.48528137423857,6.946436299353527,301.6988933062603,45.0,92.96847342273895
19,5,8.48528137423857,6.887346544096756,301.6988933062603,45.0,92.27132026061605
19,6,8.48528137423857,6.910386246031135,301.6988933062603,45.0,90.40067653462393
19,7,8.48528137423857,6.892430298489661,301.6988933062603,45.0,89.42436035963239
19,8,8.48528137423857,6.7979433872308,301.6988933062603,45.0,86.95964215534302
19,9,8.48528137423857,6.7793340750555995,301.6988933062603,45.0,85.39776238969353
19,10,8.48528137423857,6.78629945904486,301.6988933062603,45.0,83.80957144778351
19,11,8.48528137423857,6.765332829100343,301.6988933062603,45.0,83.00852068979523
19,12,8.48528137423857,6.637412627947271,301.6988933062603,45.0,82.35516279829861
19,13,10.0,6.634981387127751,298.43468664152743,45.57917084424297,81.90138490642724
19,14,10.0,6.668962596135132,295.60570753209225,46.081700770048094,81.14137780196135
19,15,10.0,6.623356595306214,293.1303508113365,46.521794282384434,78.7210706091918
19,16,10.0,6.569269317125494,290.94621252831666,46.91036331834742,77.7211689126304
19,17,10.0,6.527026539851391,289.00475627674354,47.255925676953936,75.9175533922411
19,18,10.0,6.516303490013226,287.26766384112545,47.56522543807829,76.52514305994698
19,19,10.0,6.362501118673314,285.7042806490692,47.84367051331145,76.9443035448186
19,20,10.0,6.322297932554123,284.2897910943516,47.32272389144066,77.03659035902845
19,21,10.0,6.2231574449181375,283.0038914991538,46.8485174190648,77.31966275675236
19,22,12.806248474865697,6.153169331711233,279.3907838347304,47.04430591201277,77.49713585227505
19,23,12.806248474865697,6.192589790860802,276.07876847567564,47.22376696103284,76.41520903693115
19,24,7.211102550927978,6.288246390786481,279.2359427600145,46.68503165718573,74.95702270881557
19,25,7.211102550927978,6.342402389547091,281.3683120511299,46.2346192262212,74.45487775747846
19,26,8.48528137423857,6.391635130221347,281.3683120511299,46.2346192262212,73.50430888095846
19,27,8.48528137423857,6.472444930604896,281.3683120511299,46.23461922622119,73.0
19,28,8.48528137423857,6.576577637767392,281.3683120511299,46.2346192262212,72.49646118339011
19,29,8.48528137423857,6.582867570355139,281.3683120511299,46.2346192262212,72.0
19,30,8.48528137423857,6.590567592231834,281.3683120511299,46.2346192262212,71.3969881755628
19,31,8.48528137423857,6.5764137530355775,281.3683120511299,46.2346192262212,71.09175933724703
19,32,8.48528137423857,6.557423912710341,281.3683120511299,46.23461922622119,70.93272962535067
19,33,8.48528137423857,6.499803608399225,281.3683120511299,46.2346192262212,71.61817342343834
19,34,8.48528137423857,6.432204983763632,281.3683120511299,46.2346192262212,72.04929389265632
19,35,8.48528137423857,6.457699282432462,281.3683120511299,46.2346192262212,72.07249785059822
19,36,8.48528137423857,6.480863291191144,281.3683120511299,46.2346192262212,71.98565610794628
19,37,8.48528137423857,6.328098374836966,281.3683120511299,46.23461922622119,72.61827312959551
19,38,8.48528137423857,6.287311800730277,283.19626778338034,45.90840777932063,72.84767831729005
19,39,8.48528137423857,6.441837025797403,285.02422351563075,45.58240105749359,73.62785188185501
19,40,8.48528137423857,6.553276314716887,286.85217924788117,45.256619955697204,73.71285225223185
19,41,8.48528137423857,6.678125081402873,288.6801349801316,44.93108528163006,73.69520481691477
19,42,8.48528137423857,6.690053970203805,290.508090712382,44.60581774789213,73.53383097289286
19,43,8.48528137423857,6.720552722837481,292.3360464446324,44.280837964236234,73.0967531367033
19,44,8.48528137423857,6.719974301623806,294.16400217688283,43.95616642991736,73.35605561511618
19,45,8.48528137423857,6.727245874563541,295.99195790913325,44.281417556011945,72.54149639071086
19,46,8.48528137423857,6.7688595279516885,297.81991364138366,44.60645290245861,73.06738812253596
19,47,8.48528137423857,6.785528165569776,301.8917727649374,44.35302432803251,72.54727587544727
19,48,8.48528137423857,6.792162067396838,305.9636318884912,44.09974524296683,71.91120367093613
19,49,8.48528137423857,6.822278703765881,303.83126259737577,44.55019476373123,71.44636740614784
19,50,8.48528137423857,6.818288978383673,301.6988933062603,45.0,70.36366171107059
19,51,8.48528137423857,6.7945793720665115,301.6988933062603,45.0,69.91382507508358
19,52,8.48528137423857,6.767549919532261,301.6988933062603,45.0,68.90598138320287
19,53,8.48528137423857,6.688804547818592,301.6988933062603,45.0,68.0124128987012
19,54,10.0,6.763151166014268,299.8709375740099,44.67575923475838,67.42596862798355
19,55,10.0,6.9340349971184825,298.04298184175946,44.35127835400168,66.2918889732355
19,56,10.0,7.063146906063277,296.21502610950904,44.02657792654192,65.91102837755885
19,57,10.0,7.122939319217231,294.3870703772586,43.70167860543498,64.83136605660144
19,58,10.0,7.170906264106439,292.5591146450082,43.37660112020366,63.948217768379635
19,59,10.0,7.186177172968288,290.7311589127578,43.05136626898756,62.946255458768135
19,60,10.0,7.060261859013998,288.90320318050743,42.725994910627,62.59779243866767
19,61,10.0,6.93886540822891,287.075247448257,42.40050795668869,61.96342052521751
19,62,10.0,6.817055922782277,285.2472917160066,42.07492636344045,61.340470877293825
19,63,10.0,6.693488278805821,283.4193359837562,41.74927112378291,60.91520474336912
19,64,10.0,6.567766578517118,281.59138025150577,41.423563259145695,60.33916877313881
20,0,7.211102550927978,6.6859886031906814,355.0081255841467,56.309932474020215,91.10363305478896
20,1,10.0,6.5580096260629235,305.50406279207334,54.72001741408809,91.10503748238814
20,2,10.0,6.5258923645943465,289.0027085280489,54.18992478104103,91.9391898515503
20,3,10.0,6.556359006595595,280.75203139603667,53.924906821155886,91.99449160271834
20,4,10.0,6.531675185331069,275.8016251168293,53.76591164961867,92.10640111251642
20,5,10.0,6.581977831463747,272.5013542640244,53.65992288108304,91.9963804684858
20,6,10.0,6.704990908044037,270.1440179405924,53.58422101775123,91.6002700899725
20,7,10.0,6.824468715270118,268.37601569801836,53.52744720838212,91.0
20,8,10.0,6.936684979143987,267.000902842683,53.483291414638074,90.57968581639616
20,9,10.0,6.967051750540684,265.9008125584147,53.44796783496663,89.99626380197068
20,10,10.0,6.91133007456706,265.0007386894679,53.41906744245867,88.99994929438036
20,11,10.0,6.8593552169633085,264.25067713201224,53.39498428717598,88.0
20,12,10.0,6.809958994478374,263.616009660319,53.37460659812421,87.49976196724953
20,13,10.0,6.6758653532378975,263.0720089702962,53.35714027826425,87.00948414896297
20,14,8.48528137423857,6.488119493774659,265.6471345926938,52.80154215991157,86.07389778812929
20,15,8.48528137423857,6.458009291351381,267.9003695122917,52.3148361446487,85.0
20,16,8.48528137423857,6.368538598924971,269.88851797076046,51.88501561663839,84.00133627448756
20,17,8.48528137423857,6.332399857982507,271.6557610449549,51.50269912779591,82.53638119679071
20,18,10.0,6.279696140749788,270.83177362153623,50.73824878704794,82.0
20,19,10.0,6.290783139383771,270.0901849404594,50.04835938613824,81.51686116250073
20,20,10.0,6.331950134339853,269.4192237528185,49.42280350309421,81.05805734509352
20,21,10.0,6.30014171099016,268.80925903678127,48.8531135514593,81.03851550084738
20,22,7.211102550927978,6.364886285819433,272.5570358431885,49.17851777244054,80.57057993274424
20,23,7.211102550927978,6.415899831612529,275.9924979157284,49.47683843593922,80.0
20,24,7.211102550927978,6.465323926098197,279.15312302246514,49.75130737999115,79.50431128849783
20,25,7.211102550927978,6.379713988924405,279.15312302246514,49.75130737999115,79.01112120849606
20,26,10.0,6.325729710013338,279.15312302246514,49.75130737999115,78.5652598510789
20,27,10.0,6.354006676153463,279.15312302246514,49.75130737999115,77.38564273150031
20,28,10.0,6.321948264874733,279.15312302246514,49.75130737999115,76.38937428201405
20,29,10.0,6.353599739149401,279.15312302246514,49.75130737999115,76.00416029023302
20,30,10.0,6.199577426566186,279.15312302246514,49.75130737999115,75.99883191849983
20,31,8.48528137423857,6.141105421224886,280.98107875471555,49.4242457793742,75.4258133181055
20,32,8.48528137423857,6.373518843757286,282.8090344869659,49.097160768525946,74.90939833434643
20,33,8.48528137423857,6.457048531445984,284.63699021921633,48.770073664823826,74.37686911802055
20,34,8.48528137423857,6.431446181102577,286.46494595146675,48.443005786463694,74.396507926448
20,35,8.48528137423857,6.382347426568649,288.29290168371716,48.11597844412425,73.88152835203226
20,36,12.806248474865697,6.387173621704257,286.0489982924138,48.044111925849464,73.35883457116523
20,37,8.94427190999916,6.433782067634224,287.2576663372127,48.45231121431444,72.88441085633167
20,38,8.94427190999916,6.55026022695037,288.4663343820116,48.86152080015522,72.36332184718465
20,39,8.94427190999916,6.555383497553441,287.84704669456016,49.599895435875176,71.95668882460332
20,40,8.94427190999916,6.556000907839854,287.22775900710866,50.339810264632035,71.94508301604911
20,41,8.94427190999916,6.449680872707158,286.60847131965716,51.08102262784862,72.03511988186
20,42,8.94427190999916,6.430183088219639,285.98918363220565,51.82328727908747,72.0
20,43,8.94427190999916,6.416440288152052,287.1978516770046,52.888347169746034,72.06308671306863
20,44,8.48528137423857,6.346419786361019,289.02580740925504,53.20957312918475,72.05669005874401
20,45,10.0,6.348491994949024,289.02580740925504,53.85681221239445,71.85676496432411
20,46,10.0,6.405609336969266,289.02580740925504,54.501780774034316,72.05413161545701
20,47,10.0,6.524626789326582,285.0654823858892,54.37372123934017,71.55374481411503
20,48,10.0,6.571334746884682,281.1051573625233,54.245665164430896,71.59746194373712
20,49,10.0,6.475380393271796,277.14483233915746,54.11761382843964,71.64034056358904
20,50,7.211102550927978,6.295889234307732,277.14483233915746,53.22173897011216,71.51420152604935
20,51,12.806248474865697,6.376951302209297,274.900928947854,52.64311466873024,70.51881764805924
20,52,12.806248474865697,6.500855447182024,272.6570255565507,52.06310424242957,70.57558880910476
20,53,12.806248474865697,6.569925947338916,270.41312216524733,51.48182198372321,70.61473286274976
20,54,12.806248474865697,6.604429602968902,268.16921877394395,50.89938373373727,70.10328621831258
20,55,12.806248474865697,6.679797795265737,265.9253153826406,50.31590675006585,70.03579341038034
20,56,12.806248474865697,6.6589922936568895,261.85345625908684,50.061377799286014,69.52501132137432
20,57,12.806248474865697,6.619790843112345,257.781597135533,49.80652128552829,69.57807288463188
20,58,12.806248474865697,6.497835600713473,253.70973801197925,49.55134668006069,68.09904856606735
20,59,10.0,6.584486568690042,251.88178227972884,49.224495388452496,68.14845650589078
20,60,10.0,6.655320709139826,250.05382654747842,48.89709987137119,68.0474480710022
20,61,10.0,6.771373021220068,252.2977299387818,48.310881959840444,66.64875509046169
20,62,10.0,6.9604514366519625,251.08906189398286,47.23904916059316,66.54915608765447
20,63,10.0,7.056823757485327,249.88039384918397,46.169253089075,66.05256037882403
20,64,10.0,7.123439006037197,248.67172580438503,45.102231219055646,66.06424455490269
20,65,10.0,7.164623825061925,247.46305775958612,44.03870951785159,65.47547899766045
20,66,10.0,7.173810464426693,246.25438971478718,42.97939956310578,64.39760550138205
20,67,10.0,7.134100419309684,245.04572166998827,41.92499580565704,63.89075450140582
20,68,10.0,7.012503447189805,243.83705362518933,40.876173003523675,62.8226818421369
20,69,10.0,6.87926507590513,242.0090978929389,40.549223033073396,61.963589400348475
20,70,10.0,6.811642677855542,242.0090978929389,39.899540129499975,61.63762026618548
20,71,10.0,6.723407141925484,242.0090978929389,39.251169575488,60.919784896520795
20,72,8.48528137423857,6.693203717887488,243.83705362518933,38.92997144696887,60.3431049936446
21,0,8.94427190999916,6.912872921909516,286.2167011199731,63.43494882292201,80.9225253479423
21,1,8.94427190999916,7.036808480857647,286.2167011199731,63.43494882292201,81.0
21,2,8.94427190999916,7.0662120288556745,286.2167011199731,63.43494882292201,81.06648019798803
21,3,8.94427190999916,7.094569728794193,286.2167011199731,63.43494882292201,81.0004580990993
21,4,8.94427190999916,7.0325256366664215,286.2167011199731,63.43494882292201,80.99394511699066
21,5,8.94427190999916,6.955605679806112,286.2167011199731,63.43494882292201,80.49500819869755
21,6,8.94427190999916,6.844068308142534,286.2167011199731,63.43494882292201,80.8134818310269
21,7,8.94427190999916,6.78085188974641,286.2167011199731,63.43494882292201,79.21777709643855
21,8,8.94427190999916,6.606303668143364,286.2167011199731,63.43494882292201,80.22400038836277
21,9,10.770329614269007,6.464777798909973,281.36403429463843,63.91091783905687,83.15076641431314
21,10,10.0,6.554360965574334,279.05821299512587,62.93486887613799,83.5743073085614
21,11,10.0,6.606194772435056,277.13669524553205,62.119547242136626,84.1272271161472
21,12,10.0,6.677870738754456,275.51079561126033,61.42853472730211,84.89993784178418
21,13,10.0,6.699354411450013,274.11716735331316,60.83557796919539,85.5772773735955
21,14,10.0,6.685249549489663,272.9093561964256,60.32129229879191,85.58928548483584
21,15,10.0,6.667729404136699,271.852521434149,59.87106377527075,86.03260630477493
21,16,8.48528137423857,6.667559327163968,273.60819036780265,59.00088212884818,85.53068249403968
21,17,8.48528137423857,6.838901208330393,275.1687849754947,58.22518878336288,84.93564398030736
21,18,8.48528137423857,6.963662633927955,276.5651064665876,57.52962967643675,84.99381666882837
21,19,8.48528137423857,6.986627894041201,277.82179580857127,56.902573864537736,84.41062611149188
21,20,8.48528137423857,6.987912618028677,278.9588004513184,56.33450667079583,83.88369704969219
21,21,8.48528137423857,6.9611205339048805,279.99244103563393,55.817575745981465,82.97041263757986
21,22,8.48528137423857,6.935032566922308,280.936199830009,55.34524760174578,82.17358906749045
21,23,8.48528137423857,6.930459347923751,281.8013120581861,54.91204490238346,80.3823876652402
21,24,8.48528137423857,6.9278631259854935,282.59721530810907,54.51334346670827,78.90132055260352
21,25,8.48528137423857,6.924677788455069,283.2165029955606,53.77132374240447,77.77965691993789
21,26,8.48528137423857,6.888404325696009,283.8357906830121,53.029453639634056,76.96406074758107
21,27,8.48528137423857,6.8007164528716055,284.4550783704635,52.28798170760019,76.46413292877038
21,28,8.48528137423857,6.704814570098842,285.07436605791503,51.54715569567377,76.5357272728613
21,29,8.48528137423857,6.560923356689646,285.69365374536653,50.80722205846007,77.10770273174221
21,30,18.439088914585774,6.571457692230421,279.7984054207252,49.89247146145246,77.6260139241831
21,31,10.0,6.548735364921065,278.5897373759263,48.830759874774266,77.66030024114502
21,32,10.0,6.640180831107903,277.3810693311273,47.769955220517225,77.59844008425549
21,33,10.0,6.624600337431665,276.1724012863284,46.710782171183816,76.5572182246229
21,34,10.0,6.653151911637548,276.90479997166335,45.474404620632455,75.99602856267508
21,35,10.0,6.625290540239704,276.90479997166335,44.82349474563792,75.49993823852459
21,36,10.0,6.5740639282638975,276.90479997166335,44.17263042567848,74.49499619281823
21,37,10.0,6.454501116591068,276.90479997166335,43.52197957444445,73.93497056198883
21,38,11.313708498984761,6.593428844405137,275.71576677085113,43.19751375611278,73.57855448867285
21,39,11.313708498984761,6.706493901310741,274.52673357003897,42.87342515420952,74.03246146633666
21,40,11.313708498984761,6.779482479076252,273.33770036922675,42.54973381229921,73.80584530100668
21,41,11.313708498984761,6.799258956194992,270.3207114361642,42.54973381229921,73.60996186552917
21,42,11.313708498984761,6.7844500294343355,267.30372250310154,42.5497338122992,74.04421094142634
21,43,11.313708498984761,6.80111589197005,264.28673357003896,42.5497338122992,73.64988455569193
21,44,12.806248474865697,6.771119602401282,260.21487444648517,42.29575013944322,72.9958640873956
21,45,11.313708498984761,6.720586946100881,257.1978855134226,42.29575013944322,72.04563700382427
21,46,7.211102550927978,6.622109453479796,259.3302548045381,42.74404536816988,71.61637426055835
21,47,7.211102550927978,6.630210810151356,261.4626240956535,43.19331749346932,71.56310745234624
21,48,7.211102550927978,6.644672972432388,263.5949933867689,43.64351429022693,70.99579339977618
21,49,11.313708498984761,6.634701538112759,260.57800445370634,43.64351429022693,70.53810718091633
21,50,11.313708498984761,6.666437083214618,257.56101552064376,43.64351429022693,69.99875459961359
21,51,8.48528137423857,6.792605107466991,257.56101552064376,43.64351429022694,69.0
21,52,8.48528137423857,6.842846664509643,257.56101552064376,43.64351429022694,68.49936442577015
21,53,8.48528137423857,6.860344613135924,257.56101552064376,43.64351429022693,68.0
21,54,8.48528137423857,6.867881972161479,257.56101552064376,43.64351429022693,67.43669075172095
21,55,8.48528137423857,6.865813087075754,264.0755515327366,43.820316068840185,67.0
21,56,8.48528137423857,6.824141360524247,265.90350726498696,44.146427557314716,66.95042431361628
21,57,8.48528137423857,6.818299050718928,267.7314629972374,44.47233088681835,65.9520332373536
21,58,11.313708498984761,6.920043977914656,266.5424297964252,44.798005189366336,66.0
21,59,11.313708498984761,7.021604382805729,265.353396595613,45.12342968548264,65.5625
21,60,11.313708498984761,7.061574076818158,264.16436339480083,45.44858369201696,65.0
21,61,11.313708498984761,7.053999459966142,262.9753301939886,45.773446629869575,64.5
21,62,11.313708498984761,6.924021890017125,261.78629699317645,46.09799803161686,64.0
21,63,11.313708498984761,6.690798800907437,261.78629699317645,46.097998031616854,63.5
21,64,7.211102550927978,6.428433615896566,266.9356552173545,45.647984072662744,62.50338322596607
21,65,14.142135623730951,6.398237601883929,265.12546185751694,45.64798407266274,62.0
21,66,14.142135623730951,6.437272429614998,263.31526849767937,45.647984072662744,61.482302984422475
21,67,14.142135623730951,6.543930369423656,261.5050751378418,45.647984072662744,60.93397293814423
21,68,14.142135623730951,6.5831917956821036,259.69488177800423,45.64798407266274,61.08663378230467
21,69,14.142135623730951,6.5974033826172125,258.9395586086578,45.901657471808385,61.0536594041518
21,70,14.142135623730951,6.549464854167708,257.1293652488203,45.90165747180839,60.001576492121494
22,0,8.48528137423857,6.547667980900778,301.6988933062603,45.0,92.63865073918434
22,1,8.48528137423857,6.405446975459877,301.6988933062603,45.0,90.86445778919015
22,2,8.94427190999916,6.361204275155143,296.53816257749787,38.87878306596011,89.94847993285609
22,3,8.94427190999916,6.482378110080992,293.9577972131167,35.782525588538995,88.21441588586217
22,4,8.94427190999916,6.510245568123114,292.40957799448796,33.923613100236345,86.45269653038534
22,5,8.94427190999916,6.410485024186416,291.3774318487355,32.686268111117876,85.95307075960227
22,6,10.0,6.474493576504357,286.3235130132019,35.597593541335556,85.00180862816035
22,7,10.0,6.5754202467311265,282.5330738865516,37.80069708769126,84.01582303211683
22,8,10.0,6.493363943212969,279.58495456582364,39.521286149386626,82.97961555119315
22,9,7.211102550927978,6.298228304392191,287.127271667656,38.92728935387684,83.02674592470757
22,10,11.313708498984761,6.348271029096857,281.595171514205,39.48879085936716,82.44445813188098
22,11,10.0,6.376648072353673,279.4622405546879,40.63701541600562,82.03201908124304
22,12,10.0,6.576356750629574,277.6574528197119,41.609366318920536,80.97314385987359
22,13,10.0,6.787881395666999,276.1104919040182,42.44292520510879,81.02839179217237
22,14,10.0,6.927122478251064,274.76979244375036,43.16514045208608,80.50273865058371
22,15,10.0,6.9241431279901,273.59668041601594,43.79673468210676,79.451058560488
22,16,10.0,6.925808911720335,272.561581568015,44.35362876463169,78.93918454379914
22,17,10.0,6.880306538903599,271.64149370312526,44.84824630513365,78.0686049860042
22,18,10.0,6.819201491826816,270.8182571924345,45.29041772317877,76.99732352011836
22,19,10.0,6.770640523329093,270.07734433281274,45.688019379340304,76.51844907348169
22,20,10.0,6.676479533664014,269.4069946026788,46.047433589745424,75.9367204514079
22,21,14.142135623730951,6.608481947539514,265.38937375636414,45.99905138894132,75.9722274665888
22,22,10.0,6.6094341399683945,264.9811401147831,46.31320848303389,76.07053358172374
22,23,8.94427190999916,6.6500880260564905,265.865955156666,47.028033232184185,76.57527618938909
22,24,10.0,6.737624585055659,265.4713169503994,46.616973649849044,76.63322509773623
22,25,10.0,6.825215856028526,263.643361218149,46.2879702304419,76.52965494762604
22,26,10.0,6.780713601559533,261.81540548589857,45.958612394853326,76.05958065745465
22,27,10.0,6.714741532740552,260.6067374410996,46.3640691616405,75.0
22,28,10.0,6.65928036631147,259.3980693963007,46.768031735059786,74.44130189202149
22,29,8.94427190999916,6.583362336423819,259.3980693963007,48.2360649540821,74.00059353882573
22,30,10.0,6.378284489200382,258.1894013515018,48.63507960323386,73.34575865625803
22,31,10.0,6.349084809329294,258.1894013515018,47.98055905945728,73.04898415769932
22,32,10.0,6.335459842389877,258.1894013515018,47.325259010451475,73.9358146152087
22,33,11.661903789690601,6.166392026060165,256.7301289107982,46.43590370634809,74.08592167789098
22,34,10.0,6.077969097171793,252.76980388743235,47.218587454022426,74.0
22,35,13.416407864998739,6.1129137203014245,251.3512824514438,47.95776506039973,73.43871256006297
22,36,8.48528137423857,6.223541688141646,253.17923818369422,47.62829538718195,73.00805661167617
22,37,8.48528137423857,6.19102378937315,255.00719391594464,47.29892072183403,72.53502913578426
22,38,8.48528137423857,6.271553654285397,256.83514964819506,46.96966278225861,71.9455217238026
22,39,8.48528137423857,6.168640012063454,258.6631053804455,46.6405432401343,69.96226053924781
22,40,8.48528137423857,6.2086856121800515,260.4910611126959,46.31158371239715,69.6127158443831
22,41,8.48528137423857,6.28393799326462,262.31901684494625,45.982805752776386,68.96174573239735
22,42,8.48528137423857,6.31273409155218,264.14697257719666,45.65423084339217,68.90904442138778
22,43,8.48528137423857,6.416386665562279,265.9749283094471,45.32588038642392,69.59451995951186
22,44,8.48528137423857,6.500137535014665,267.8028840416975,44.99777569585695,70.07611634218733
22,45,8.48528137423857,6.452040583149977,269.6308397739479,44.6699379893152,70.0
22,46,12.806248474865697,6.439182896879082,270.3861629432943,44.4138079279107,70.45989515538511
22,47,12.806248474865697,6.762271396903997,268.14225955199095,43.830147779313855,69.97955794189839
22,48,12.806248474865697,6.918218549750317,264.68968811588866,42.845776029673345,69.9991134625497
22,49,12.806248474865697,7.071457586777178,262.4457847245853,42.91772425897841,69.48650018104415
22,50,12.806248474865697,7.060034284915935,260.2018813332819,42.98965619724469,68.62133442566446
22,51,12.806248474865697,6.908629107324722,257.9579779419785,43.06157162333096,67.94263356851117
22,52,8.48528137423857,6.949790540583065,259.78593367422894,43.38902687379733,67.42001710369122
22,53,8.48528137423857,7.015748267786738,261.61388940647936,43.716321790389195,66.9427817753771
22,54,8.48528137423857,7.006698998071844,262.23317709393086,42.990231504363706,65.9579254480559
22,55,8.48528137423857,6.960739593515883,264.0611328261813,43.316748727739146,66.00225062261714
22,56,8.48528137423857,6.934391004883995,265.8890885584317,43.64311123272915,66.0
22,57,8.48528137423857,6.8889593282327874,267.7170442906821,43.96929796766582,65.5625
22,58,8.48528137423857,6.911315663811383,271.004272463636,44.52847303530269,65.0
22,59,8.48528137423857,6.937753949532516,272.83222819588644,44.2034449791611,64.5
22,60,8.48528137423857,6.805126931903251,277.2677385649376,43.479582141072406,63.44223795320498
22,61,8.48528137423857,6.694482683860244,277.2677385649376,43.479582141072406,63.0
22,62,8.48528137423857,6.624835088305406,277.2677385649376,43.4795821410724,62.4718437026511
22,63,11.313708498984761,6.702077333086904,274.250749631875,43.479582141072406,62.00413591260439
22,64,11.313708498984761,6.743022727534326,271.2337606988124,43.4795821410724,61.5
22,65,11.313708498984761,6.792752057219297,268.2167717657498,43.479582141072406,61.0
22,66,11.313708498984761,6.768876052670849,265.1997828326872,43.479582141072406,60.5
23,0,7.211102550927978,6.33991022874787,355.0081255841467,56.309932474020215,88.49410751303922
23,1,10.0,6.353954674467103,305.50406279207334,54.72001741408809,87.9967017289406
23,2,10.0,6.592713468985757,289.0027085280489,54.18992478104103,87.45548036634169
23,3,10.0,6.580191166631566,280.75203139603667,53.924906821155886,87.52870973488504
23,4,8.48528137423857,6.526399339249029,284.9414037780814,52.142981863627305,87.23356181498195
23,5,7.211102550927978,6.514545520696667,296.61919074575894,49.091580659586654,86.53463278251775
23,6,7.211102550927978,6.574217005884294,304.9604671512429,46.890616777217204,86.53154135361903
23,7,7.211102550927978,6.606239465299012,311.2164244553559,45.23254396546301,86.53758026422922
23,8,7.211102550927978,6.646354122667556,316.08216902522156,43.940546448911476,85.82661884709138
23,9,7.211102550927978,6.609329136070725,319.97476468111404,42.906415836478,85.01948578521694
23,10,7.211102550927978,6.526858545520237,323.1596156722988,42.06046911422271,84.82862720882537
23,11,11.661903789690601,6.5840041037098445,314.5228301148082,43.477295132316755,83.04870059666322
23,12,11.661903789690601,6.600840176898562,307.2147807969315,44.680448364092896,82.49067904335074
23,13,11.661903789690601,6.639566268243318,300.95073852446575,45.71401761540907,80.93840277751724
23,14,11.661903789690601,6.694083959910315,295.52190188832884,46.61094538914642,79.97137830207637
23,15,11.661903789690601,6.749830109598603,290.77166983170895,47.39628386018025,79.00020664000475
23,16,11.661903789690601,6.76516580887982,286.5802886052797,48.089390942128375,77.93359988133018
23,17,11.661903789690601,6.73413560478619,282.8546164040092,48.70544161180871,77.02881490332199
23,18,11.661903789690601,6.710613987950582,279.5211202239251,49.25648783574549,76.7398891144261
23,19,11.661903789690601,6.65771854849651,276.52097366184944,49.75221507857372,76.89708287729282
23,20,11.661903789690601,6.48263662908747,273.80655534378093,50.20049107638339,76.55149242946833
23,21,12.806248474865697,6.449578694282253,270.447276247128,49.66982090326015,76.01262618605243
23,22,12.806248474865697,6.51076268889551,267.3801083762709,49.18528167562768,75.00029517539639
23,23,11.313708498984761,6.556966547697288,265.66736094308027,49.007952169131684,73.03385545022337
23,24,11.313708498984761,6.60602779215752,264.09163330454487,48.84501703566899,73.0128097208189
23,25,11.313708498984761,6.640581592023955,258.9422750803668,48.385962200371786,72.00033367082096
23,26,11.313708498984761,6.6057285118257,257.75324187955465,48.05560136095667,71.39061453215216
23,27,11.313708498984761,6.515825971969508,256.56420867874243,47.72530763327837,72.02754831905133
23,28,8.94427190999916,6.540334926847274,257.77287672354134,48.13726223840432,72.06050150671042
23,29,8.94427190999916,6.678666819299734,257.1535890360899,48.881475098156486,72.0
23,30,8.94427190999916,6.807293062197722,254.40193205752294,50.0803433831112,71.99688814559093
23,31,8.94427190999916,6.827538431072596,251.650275078956,51.277883939332995,71.9915767501501
23,32,8.94427190999916,6.917868846215259,248.89861810038903,52.4730553197822,72.04275683525753
23,33,8.94427190999916,6.885513153988146,246.1469611218221,53.66482842691101,72.25642342305007
23,34,8.94427190999916,6.947000181451441,243.39530414325512,54.85219174907818,72.56991446804504
23,35,8.94427190999916,6.963353413392677,240.64364716468822,56.034156371354364,73.06033268830151
23,36,8.94427190999916,7.002999628138906,243.31158765019066,56.21125631706297,72.92846069458106
23,37,8.94427190999916,6.916312968385409,245.97952813569316,56.3884525681448,73.0
23,38,8.94427190999916,6.7636440793968235,248.64746862119563,56.565741810875565,72.96438521783969
23,39,8.94427190999916,6.550029783922351,251.3154091066981,56.74312072092946,72.89409521138886
23,40,10.0,6.335070731721806,252.77468154740166,56.50421407623682,72.93592793608858
23,41,10.0,6.2423139206329905,254.2339539881052,56.265292789636504,72.96443124049468
23,42,10.198039027185569,6.102524915999655,255.49437254788376,57.04005783585968,73.0
23,43,10.198039027185569,6.123727911885671,256.75479110766236,57.819233720500925,73.0
23,44,10.198039027185569,5.984166977548831,258.0152096674409,58.602567650658784,73.03580399570488
23,45,8.48528137423857,6.185999484547546,261.3024378403949,58.03435774860318,72.70635963083109
23,46,8.48528137423857,6.262148145205709,265.37429696394867,58.28263477689303,71.9713729755394
23,47,8.48528137423857,6.249266366352883,269.4461560875024,58.53027800101867,71.44392659729736
23,48,8.48528137423857,6.224936830509579,272.46314502056504,58.53027800101869,70.14576178476703
23,49,8.48528137423857,6.222095222062493,275.4801339536276,58.53027800101869,69.94428585791864
23,50,8.48528137423857,6.291715536539678,278.49712288669025,58.53027800101867,68.82685766351297
23,51,8.48528137423857,6.375016218881685,281.5141118197528,58.53027800101869,68.8772384037878
23,52,8.48528137423857,6.435479562647581,284.53110075281546,58.53027800101867,69.53780805653821
23,53,8.48528137423857,6.468799320599526,285.15038844026697,57.783762494698436,70.0
23,54,8.48528137423857,6.47091816375435,285.7696761277184,57.03603270117182,70.36811134456036
23,55,12.806248474865697,6.5504893990309325,282.3171046916161,56.03647458091704,70.54553258375485
23,56,12.806248474865697,6.795630902113919,278.86453325551383,55.03386292644027,70.0
23,57,12.806248474865697,6.980808687218889,275.41196181941154,54.02880018974056,70.0255249354105
23,58,12.806248474865697,7.033944136581054,271.9593903833092,53.02189779850074,68.95929774958897
23,59,12.806248474865697,6.996687267617186,268.50681894720697,52.013773960417794,68.3987323473633
23,60,12.806248474865697,6.872751588702032,265.0542475111047,51.00505140538549,67.93758124166386
23,61,8.48528137423857,6.952666973173735,265.6735351985562,50.25356181467486,67.39706619034379
23,62,8.48528137423857,6.996015342076799,266.2928228860076,49.503435660372475,66.93722991018711
23,63,8.48528137423857,6.955435216245523,266.91211057345913,48.75492559989259,65.97608484969862
23,64,8.48528137423857,6.906852858673699,267.53139826091063,48.00828099812792,66.0
23,65,8.48528137423857,6.911515299665345,269.359353993161,47.67644928294772,65.56224993082031
23,66,8.48528137423857,6.907091442470074,271.1873097254114,47.34471071212105,65.0
23,67,8.48528137423857,6.940603317213283,273.21411933858684,46.03939460117422,64.5
23,68,8.48528137423857,6.895070622716633,275.2409289517622,44.75069751416338,64.0
23,69,8.48528137423857,6.804450535488631,277.2677385649376,43.479582141072406,63.0
23,70,8.48528137423857,6.710155942822907,277.2677385649376,43.479582141072406,62.693624282150864
23,71,8.48528137423857,6.650871458872593,277.2677385649376,43.4795821410724,61.95578905857365
23,72,11.313708498984761,6.672582566038578,274.250749631875,43.479582141072406,61.440167868133585
23,73,11.313708498984761,6.7344129248225695,271.2337606988124,43.4795821410724,61.0
23,74,11.313708498984761,6.734115965288616,268.2167717657498,43.479582141072406,60.5
23,75,11.313708498984761,6.70627463533419,265.1997828326872,43.4795821410724,60.0
24,0,12.806248474865697,6.610932232631266,199.90241521741578,38.659808254090095,86.50043820246847
24,1,12.806248474865697,6.729925773470501,199.90241521741578,38.659808254090095,85.00391966477284
24,2,12.806248474865697,6.676346799091363,199.90241521741578,38.659808254090095,84.0003701295855
24,3,12.806248474865697,6.532038496104033,199.90241521741578,38.659808254090095,83.50027597513136
24,4,10.0,6.533982117289798,211.1219321739326,41.53905620834211,82.50391801584313
24,5,10.0,6.626329118643266,218.60161014494383,43.47178408181706,82.49896739093924
24,6,10.0,6.7203356322400225,223.9442372670947,44.855947645751186,82.00693683887216
24,7,10.0,6.715621271563062,227.95120760870788,45.89495530412304,82.51377337728468
24,8,10.0,6.769169289220386,231.06774009662922,46.70310736751165,83.06236587448218
24,9,10.0,6.773525199905938,233.5609660869663,47.34941299527629,82.49894735968341
24,10,10.0,6.760707968789235,235.60087826087846,47.877940699483695,82.0
24,11,8.48528137423857,6.703870137268125,241.10904618132693,47.63655891493938,81.77454054839404
24,12,8.48528137423857,6.703753335287284,245.76980365247567,47.43251225694107,80.49478547236563
24,13,8.48528137423857,6.664416209902419,249.764738627746,47.25776462182913,79.99843828570297
24,14,8.48528137423857,6.662102625952109,253.2270156063136,47.10643082109539,79.46869676965217
24,15,8.48528137423857,6.7420357352718,256.2565079625603,46.97410235050351,78.99828086226853
24,16,8.48528137423857,6.886906805307761,258.9295894533662,46.85741172826438,78.44442198147335
24,17,8.48528137423857,7.024782305602629,261.3056618896381,46.75374243198978,78.0
24,18,8.48528137423857,7.131629889227682,263.43162143788135,46.661030675674134,76.99848766963981
24,19,8.48528137423857,7.199031487689749,265.3449850313003,46.57762681052274,76.5
24,20,8.48528137423857,7.229704430390235,267.07612352058413,46.50219642966559,76.0
24,21,8.48528137423857,7.246227266561736,268.6498857835694,46.4336485146608,75.5626482471802
24,22,8.48528137423857,7.2420653991684745,270.0867991541212,46.371082374732445,75.0
24,23,8.48528137423857,7.21618546860041,271.40396974379365,46.31374788495068,74.26721047001769
24,24,8.48528137423857,7.190686464843429,272.6157666862923,46.26101529116159,74.01762619780536
24,25,8.48528137423857,7.164150853544883,276.68762580984605,46.514548021252466,73.06175375915313
24,26,8.48528137423857,7.069880840485374,280.75948493339985,46.767897020956966,72.43094910188755
24,27,10.0,7.087519699510978,283.0033883247032,46.69697107070777,72.02382340046049
24,28,10.0,7.128540338854692,285.2472917160066,46.62601751107844,72.34232085033557
24,29,10.0,7.133557077209532,285.2472917160066,45.97577815709458,71.99789169306355
24,30,10.0,7.153219239718661,285.2472917160066,45.32528734040676,71.54205283322194
24,31,10.0,7.129679427037429,285.2472917160066,44.67471265959324,71.52847667952007
24,32,10.0,7.121966644283088,285.2472917160066,44.02422184290542,71.99412508097971
24,33,10.0,7.082791735209552,285.2472917160066,43.37398248892157,70.99977659910856
24,34,10.0,7.018326365700294,285.2472917160066,42.72416180770151,71.00541349669426
24,35,10.0,6.817494197546209,285.2472917160066,42.07492636344045,71.06317313148284
24,36,8.94427190999916,6.77358717465541,284.6280040285551,42.7963000678218,70.96992905433677
24,37,8.94427190999916,6.857545106983299,284.0087163411036,43.52136196848537,69.98016780058316
24,38,8.94427190999916,6.850742996632208,283.3894286536521,44.249906481243755,69.69086023610768
24,39,8.94427190999916,6.870700247898933,282.77014096620064,44.98172154023948,69.00265657856747
24,40,8.94427190999916,6.853403226954694,282.15085327874914,45.71658890549394,68.16025531294078
24,41,8.94427190999916,6.824744066003808,281.53156559129764,46.45428449829919,68.00579517133929
24,42,8.94427190999916,6.71969345130156,280.91227790384613,47.19457876347481,68.03149747012911
24,43,8.94427190999916,6.769598746753957,280.2929902163947,47.937237057291476,68.58606590303728
24,44,8.94427190999916,6.724699132273806,279.6737025289432,48.68202005964601,69.41335755233084
24,45,8.94427190999916,6.720281205689237,279.05441484149173,49.42868420886273,69.99369087878834
24,46,8.94427190999916,6.693762040041036,278.4351271540402,50.17698215729732,70.91209069507849
24,47,8.94427190999916,6.738828660982835,277.8158394665887,50.926663245731376,71.02657199498844
24,48,8.48528137423857,6.73416773426803,277.8158394665887,50.92666324573137,70.9969563766453
24,49,8.48528137423857,6.795137888566752,277.8158394665887,50.92666324573137,70.56810192634339
24,50,8.48528137423857,6.84632734351219,277.8158394665887,50.926663245731376,70.59815221622473
24,51,8.48528137423857,6.932728834325862,277.8158394665887,50.92666324573137,69.99684726154925
24,52,8.48528137423857,7.0397975860582935,279.64379519883914,51.25387595793728,69.75535312419781
24,53,8.48528137423857,7.103825914559363,281.47175093108956,51.58040961646458,70.0320915946062
24,54,8.48528137423857,7.07651091111913,283.29970666334,51.906245188824535,69.56066830415597
24,55,8.48528137423857,6.955943697473582,285.1276623955904,52.23136390441166,68.5
24,56,10.0,6.950984386881731,285.1276623955904,52.23136390441166,68.0
24,57,10.0,7.049022953685397,285.1276623955904,52.23136390441166,67.4375
24,58,10.0,6.988490541738927,285.1276623955904,52.23136390441166,67.0
24,59,10.0,6.908643752611856,285.1276623955904,52.231363904411666,67.0
24,60,10.0,6.929704352116417,285.1276623955904,52.23136390441166,66.5625
24,61,10.0,7.000909046463261,283.9189943507915,51.15813741207243,66.0
24,62,10.0,6.988377279684856,282.7103263059925,50.08420472979253,65.0
24,63,10.0,6.948860377722536,281.5016582611936,49.0103199734935,64.5
24,64,10.0,6.8785668716568855,280.2929902163947,47.93723705729148,64.0
24,65,10.0,6.858739984323879,279.0843221715958,46.86570652293604,63.0
24,66,10.0,6.875167501825879,277.87565412679686,45.79647240462694,62.66641050911557
24,67,10.0,6.858388496646763,276.66698608199795,44.730269161775524,61.96331636386323
24,68,8.48528137423857,6.905932505136155,277.2862737694494,43.99661838512111,61.42223312222862
24,69,8.48528137423857,6.9801598634768345,277.9055614569009,43.26633945475125,60.63560830967822
25,0,8.48528137423857,6.986566902806916,301.6988933062603,45.0,87.50005855269018
25,1,8.48528137423857,7.054001981288854,301.6988933062603,45.0,86.56538136087723
25,2,8.48528137423857,7.035705460682325,301.6988933062603,45.0,86.00755612599482
25,3,8.48528137423857,6.951598422333541,301.6988933062603,45.0,84.4410417678836
25,4,8.48528137423857,6.824191145556674,301.6988933062603,45.0,84.00001449095197
25,5,8.48528137423857,6.64993422150773,301.6988933062603,45.0,83.50008311478756
25,6,8.48528137423857,6.599307495281072,301.6988933062603,45.0,83.0
25,7,8.48528137423857,6.599692963236183,301.6988933062603,45.0,82.46832008797065
25,8,11.313708498984761,6.5310483698232,293.3183684921975,45.0,81.43940078487967
25,9,11.313708498984761,6.58873843323086,286.6139486409473,45.0,80.93749140026078
25,10,11.313708498984761,6.643942905274932,281.1285142171971,45.0,80.72034431238858
25,11,11.313708498984761,6.583959135168253,276.55731886407193,45.0,80.0011481716739
25,12,8.246211251235321,6.566169868190713,279.16410972425916,47.29148223625777,79.86718759797179
25,13,8.246211251235321,6.598009932577064,281.39850189013396,49.29068030674195,80.0
25,14,8.246211251235321,6.644587811663632,283.3349751005588,51.04610983394983,80.00000121214437
25,15,8.94427190999916,6.6228068587259905,283.5150829767722,51.832494970938775,79.93749045236963
25,16,8.94427190999916,6.602942436211502,283.6740016910781,52.52614616227182,79.9394561378558
25,17,10.0,6.822183002940537,282.1365571526849,52.560436068315546,80.0
25,18,10.0,6.919154129420164,280.76094888149095,52.59104161822463,80.00058669261676
25,19,10.0,7.0039134543106565,279.5229014374164,52.618526332746995,79.48896647690592
25,20,10.0,6.935505240569031,278.4027632737299,52.643344389694114,78.99368922592117
25,21,10.0,6.825505722497823,277.3844558521967,52.66586591691915,77.99346586296733
25,22,10.0,6.693208488762071,276.4546969021012,52.68639557501476,77.46210168607243
25,23,10.0,6.480197487673741,275.60241786451365,52.70518641870615,76.48307207497915
25,24,7.211102550927978,6.310008683275919,278.77864617329897,52.851560111111276,75.42853204574857
25,25,11.661903789690601,6.389775267130236,275.49141800034505,53.42030282189585,75.00112778782781
25,26,8.48528137423857,6.454408780248212,275.49141800034505,53.42030282189585,74.50139440007055
25,27,8.48528137423857,6.5053584345706055,275.49141800034505,53.42030282189585,74.06267369640773
25,28,8.48528137423857,6.621776301849162,275.49141800034505,53.420302821895845,73.48508120441441
25,29,8.48528137423857,6.707029921858532,275.49141800034505,53.42030282189585,72.47526297920393
25,30,8.48528137423857,6.706852122781599,275.49141800034505,53.42030282189585,71.40444986389278
25,31,8.48528137423857,6.679205851321003,275.49141800034505,53.42030282189585,71.00151233036019
25,32,8.48528137423857,6.7294166273029745,275.49141800034505,53.42030282189585,70.43564239190518
25,33,8.48528137423857,6.747021323616113,278.5084069334076,53.420302821895845,69.36736572870223
25,34,8.48528137423857,6.72459473768995,281.52539586647026,53.42030282189585,69.0205864817189
25,35,10.0,6.75739950116976,282.7144290672824,53.097702685237586,69.17245400877796
25,36,10.0,6.77561311531972,283.90346226809464,52.77431769355256,69.01757933230809
25,37,10.0,6.7428827267080065,281.7256382662344,51.21920951015851,70.06195802282038
25,38,10.0,6.737391261118776,279.54781426437415,49.67174072310178,69.99148424941325
25,39,10.0,6.65360733526529,277.3699902625139,48.134093007219136,70.02258472684815
25,40,8.94427190999916,6.712379552753458,277.36999026251385,48.134093007219136,70.50954822855469
25,41,8.94427190999916,6.825245121655036,277.3699902625139,48.134093007219136,71.01623077740966
25,42,8.94427190999916,6.848470134429376,278.5786583073128,48.54366058646864,71.58703476028535
25,43,8.94427190999916,6.913710952285849,279.78732635211173,48.95423559519953,72.00122672372757
25,44,8.94427190999916,6.934152243963702,280.99599439691065,49.365779437356814,72.06308152254044
25,45,8.94427190999916,6.907628140236693,282.2046624417096,49.778252934720804,71.25625777282342
25,46,8.94427190999916,6.859062609065587,283.41333048650847,50.19161634650234,70.45202581230808
25,47,10.0,6.949004842167591,283.41333048650847,50.19161634650234,69.89989500852155
25,48,10.0,6.954376394563848,283.41333048650847,50.19161634650234,68.98264682551027
25,49,10.0,6.889106071714242,279.45300546314263,50.06291409147619,69.00849343505537
25,50,10.0,6.884635425328078,280.91227790384613,49.82462062950466,68.50995498102363
25,51,10.0,6.766391483971329,279.0843221715957,50.154273367303006,67.95473333163775
25,52,8.94427190999916,6.716778331656352,278.46503448414427,50.89799561397027,66.96914442929867
25,53,8.94427190999916,6.75976509140021,277.84574679669277,51.64283934296051,66.87616513266148
25,54,8.94427190999916,6.787285524773393,277.2264591092413,52.38855485156586,67.24336611863147
25,55,8.94427190999916,6.7081829983132755,276.6071714217898,53.134890671615565,67.56115788886838
25,56,8.94427190999916,6.628129440312201,275.9878837343383,53.881594074953355,67.50464121692477
25,57,8.94427190999916,6.6756403275491225,275.3685960468868,54.628411585298906,67.47421362995782
25,58,8.48528137423857,6.869476732336036,275.3685960468868,54.628411585298906,68.07103974377358
25,59,8.48528137423857,6.899974371120508,275.3685960468868,54.628411585298906,68.13596916103309
25,60,8.48528137423857,6.859640384305773,277.1965517791372,54.94907833374748,68.0243489868376
25,61,8.48528137423857,6.752303190385837,279.02450751138764,55.26885172283388,67.54387183260194
25,62,8.48528137423857,6.66473249665057,280.85246324363806,55.587715643822875,67.03925708182243
25,63,8.94427190999916,6.666513705542504,282.06113128843697,55.20532844094901,67.03147385856198
25,64,8.94427190999916,6.715562022832734,283.2697993332359,54.82071031779279,66.49799132965829
25,65,10.0,6.7066735550313235,282.06113128843697,53.749893995581765,65.4881085093197
25,66,10.0,6.724044614849647,280.85246324363806,52.67655562047975,65.57351859835836
25,67,10.0,6.658851208756317,279.64379519883914,51.601441755594884,65.51472146903983
25,68,8.48528137423857,6.606240324049338,280.2630828862906,50.85246762089088,64.49627620890908
25,69,8.48528137423857,6.652592610230776,280.8823705737421,50.104642994968195,64.0
25,70,8.48528137423857,6.676535326937242,281.5016582611936,49.35821935249234,63.500440495947224
25,71,8.48528137423857,6.742281976394709,282.1209459486451,48.61344532589091,63.0
25,72,8.48528137423857,6.745068189891303,283.9489016808955,48.28269325143344,62.464431240494676
25,73,8.48528137423857,6.876604235386687,285.77685741314593,47.95199331434066,63.035032431717696
25,74,8.48528137423857,6.939664187038747,287.60481314539635,47.621367529291,62.59536105016805
25,75,8.48528137423857,6.99544873942429,289.43276887764677,47.290837881340636,61.49974005624124
25,76,8.48528137423857,6.930078487445135,291.2607246098971,46.96042631717058,61.0
25,77,10.0,6.941811884497766,290.0520565650982,46.55039198271423,60.49559399687899
25,78,10.0,7.002830154830729,288.8433885202993,46.14157281442318,60.0
26,0,8.48528137423857,6.667388784014227,301.6988933062603,45.0,88.5
26,1,8.48528137423857,6.6513207436211434,301.6988933062603,45.0,87.5
26,2,8.48528137423857,6.669974617171411,301.6988933062603,45.0,86.99811440768529
26,3,8.48528137423857,6.739580909098627,301.6988933062603,45.0,86.56567862056863
26,4,8.48528137423857,6.867422061897073,301.6988933062603,45.0,86.01684715422479
26,5,8.48528137423857,6.901079529801504,301.6988933062603,45.0,84.45648987151263
26,6,8.48528137423857,6.882784182180851,301.6988933062603,45.0,83.93720484406265
26,7,8.48528137423857,6.941907216403124,301.6988933062603,45.0,83.44527933770073
26,8,8.48528137423857,7.034440807615962,301.6988933062603,45.0,82.44453670084728
26,9,8.48528137423857,7.041694802486167,301.6988933062603,45.0,81.93727958423327
26,10,8.48528137423857,7.036954371248022,301.6988933062603,45.0,81.44393881525671
26,11,8.48528137423857,7.025415757371481,301.6988933062603,45.0,80.99837397391092
26,12,8.48528137423857,7.005482281754923,301.6988933062603,45.0,80.40228609641233
26,13,8.48528137423857,6.923646018667778,301.6988933062603,45.0,79.9985457354312
26,14,8.48528137423857,6.8311873100993115,301.6988933062603,45.0,80.0
26,15,10.0,6.876060676569541,298.842712474619,45.50673303136813,79.5
26,16,10.0,6.952236019445309,296.3225529172885,45.95431634044877,79.0
26,17,10.0,7.02890430230683,294.08241108855026,46.352489163799405,78.99994852099896
26,18,10.0,7.098891413304618,292.0780736628371,46.70897259194068,79.0
26,19,10.0,7.213119790966937,290.2741699796952,47.02996458907633,78.77506949448447
26,20,10.0,7.30749451915284,288.64206664732876,47.32049663669885,78.99427886523152
26,21,10.0,7.380902861464215,287.1583363451775,47.584694970064,78.50056025297496
26,22,10.0,7.4144636717490195,285.8036260693002,47.82597482337155,77.93752898609337
26,23,10.0,7.444642243822646,284.5618083164127,48.047186849534896,78.21602299747681
26,24,10.0,7.5021210828342,283.4193359837562,48.250728876217096,78.0
26,25,10.0,7.564952760957068,281.59138025150577,48.576436740854305,77.99609356453396
26,26,10.0,7.5354563747670875,279.76342451925535,48.90217618864388,78.0
26,27,10.0,7.50115775567143,277.93546878700494,49.227926165512095,77.50000620827318
26,28,10.0,7.395263828768178,276.1075130547545,49.55366561330168,77.00013588587572
26,29,10.0,7.277082781268064,274.2795573225041,49.87937347793889,77.06250240904751
26,30,10.0,7.144551993905788,272.4516015902537,50.20502871759643,75.99847753369112
26,31,10.0,6.9704343947987395,270.6236458580033,50.530610310844665,74.99703896331593
26,32,7.211102550927978,6.903131945901541,272.75601514911875,50.98326179473592,74.55640149067644
26,33,7.211102550927978,6.939100965103092,274.88838444023423,51.43587230220498,73.49101702493392
26,34,7.211102550927978,6.836280081548799,277.02075373134966,51.88838536521691,71.9226157082758
26,35,7.211102550927978,6.852968259702115,279.15312302246514,52.340744588662005,70.99503978815116
26,36,7.211102550927978,6.84059689026158,281.28549231358056,52.7928936924648,70.49371022140274
26,37,11.661903789690601,6.802794787362926,277.9982641406266,53.3536365855243,68.98223509177438
26,38,11.661903789690601,6.822601453808147,274.7110359676727,53.91412372149284,68.07267828057348
26,39,11.661903789690601,6.860865021325345,271.4238077947187,54.47424809832227,68.0
26,40,11.661903789690601,6.857661158657542,269.96453535401514,54.71048032127096,68.0
26,41,11.661903789690601,6.781455494539493,268.5052629133116,54.946759231949734,67.50801123281144
26,42,11.661903789690601,6.640331163012593,267.045990472608,55.183076805726955,68.01231316349856
26,43,10.0,6.555133347120776,267.045990472608,55.183076805726955,67.49967657957355
26,44,10.0,6.7089088552057765,267.045990472608,55.183076805726955,67.01524653073002
26,45,10.0,6.772913245520246,267.045990472608,55.183076805726955,67.51516169523615
26,46,10.0,6.846835633393504,267.045990472608,55.18307680572695,67.52870973488504
26,47,10.0,6.911404456927885,267.045990472608,55.183076805726955,67.99528615778219
26,48,10.0,6.909105521279074,267.045990472608,55.183076805726955,68.01720191398019
26,49,10.0,6.922124960002783,267.045990472608,55.183076805726955,68.51344213326331
26,50,10.0,6.948106932708901,267.045990472608,55.183076805726955,68.4715309707526
26,51,10.0,6.95883165767,267.045990472608,55.183076805726955,69.37070980025806
26,52,10.0,6.965636880474553,267.045990472608,55.183076805726955,68.99516863240511
26,53,10.0,7.00867641089551,267.045990472608,55.183076805726955,69.00940831411336
26,54,8.94427190999916,7.000011495169224,268.254658517407,55.59465313713833,69.0
26,55,8.94427190999916,6.991199751986955,269.4633265622059,56.00650724694434,69.03075715442401
26,56,10.0,7.03446533506614,269.4633265622059,56.00650724694434,69.0
26,57,10.0,7.060166875973729,265.50300153884,55.87915067455499,69.0
26,58,10.0,6.955525253435815,261.54267651547417,55.75178264549499,68.5018869015554
26,59,10.0,6.827922116687702,257.5823514921083,55.624404417202676,68.0
26,60,10.0,6.795156572169177,253.6220264687424,54.85721049833645,67.98496452716839
26,61,10.0,6.7521526936855345,249.66170144537654,54.08701980341974,66.92375615534286
26,62,10.0,6.815962556908545,251.1209738860801,53.20458468666182,66.99972344452144
26,63,10.0,6.867901553784324,252.58024632678368,52.319644325171794,67.06720866979171
26,64,10.0,6.838936235693532,254.03951876748718,51.43261184461767,67.06302286046876
26,65,10.0,6.750598174308249,255.49879120819074,50.54390633409713,66.00451429065448
26,66,10.0,6.680192467275472,256.9580636488943,49.65395168208319,65.60569626049455
26,67,10.0,6.749059211170022,258.4173360895979,48.76317537816112,64.96487824173454
26,68,10.0,6.767714613154881,258.4173360895979,48.10854246867636,64.06341895236362
26,69,10.0,6.73363229893011,258.4173360895979,47.45309619704172,63.54937820396292
26,70,8.94427190999916,6.82882421549292,259.6260041343968,47.86305293572256,62.96233956504087
26,71,8.94427190999916,6.850790693511625,260.8346721791957,48.27409127819162,62.321622807469325
26,72,8.94427190999916,6.809745269496852,262.0433402239946,48.68617303808372,61.43737646027302
26,73,8.94427190999916,6.683865613825083,263.25200826879353,49.09925940321163,60.939692842426815
26,74,8.94427190999916,6.722208434860111,264.46067631359244,49.513310954244204,60.50168015340595
26,75,8.94427190999916,6.617470066700325,265.6693443583914,49.928287684264696,60.0
27,0,8.94427190999916,6.90226152999711,286.2167011199731,63.43494882292201,89.5
27,1,8.94427190999916,6.761973884307401,286.2167011199731,63.43494882292201,89.0
27,2,8.94427190999916,6.674352643287418,286.2167011199731,63.43494882292201,88.5
27,3,8.94427190999916,6.605973124009193,286.2167011199731,63.43494882292201,88.0
27,4,8.94427190999916,6.596870985032145,286.2167011199731,63.43494882292201,88.0
27,5,10.0,6.626211623981782,281.18058426664425,61.72262399510132,87.49618963948579
27,6,10.0,6.698958048740184,277.58335794283795,60.495577477677614,86.99746722920467
27,7,10.0,6.6888521666056455,274.8854381999832,59.57389617957662,86.52509126208861
27,8,10.0,6.718171209123387,272.78705617776285,58.85654607335043,85.54848262418743
27,9,10.0,6.7653498123781,271.10835055998655,58.282525588538995,84.99909539571988
27,10,10.0,6.7638942408778,269.7348641454423,57.812867270146896,85.02172444590784
27,11,10.0,6.712236829829581,268.5902921333221,57.421530867374926,83.46556587140643
27,12,10.0,6.468563464485178,267.62180812306656,57.09046133935538,82.93697444407094
27,13,7.211102550927978,6.4991355760095795,273.8636879417151,55.45006623001052,82.43095743987355
27,14,7.211102550927978,6.5775607906929645,279.27331711787724,54.01542429542586,81.99704076090052
27,15,7.211102550927978,6.562407527234301,284.0067426470191,52.751612825649026,80.93707385370897
27,16,10.0,6.635089182175399,282.3592871971945,51.81341670564665,80.99738983314683
27,17,10.0,6.760869109223474,280.8948823529059,50.97775294325837,81.0618151722999
27,18,10.0,6.893090566325033,279.58462538696347,50.2289882530523,80.0
27,19,10.0,6.874281418392761,278.4053941176153,49.55445813438277,79.5
27,20,10.0,6.73054022364971,277.33847058820504,48.943806384356364,79.0
27,21,10.0,6.5814516402778835,276.368540106923,49.13743766815748,79.06279515593735
27,22,10.0,6.602542044102954,275.48295140662196,49.31397387045072,78.99991105712687
27,23,10.0,6.6829641232421855,274.6711617646794,49.47558023356147,78.56336382256025
27,24,10.0,6.729598236111183,273.92431529409225,49.62407159146188,78.0
27,25,10.0,6.8099018045182715,272.71564724929334,49.210873829873776,78.0313756742393
27,26,10.0,6.945441260238691,271.50697920449437,48.79862542830425,77.99994638258647
27,27,10.0,7.0737288376756995,270.29831115969546,48.387365651201755,77.49990910846445
27,28,10.0,7.161015611548656,269.08964311489655,47.977133167514666,77.0
27,29,10.0,7.210546679271178,267.88097507009763,47.567966032021644,76.96982941022193
27,30,10.0,7.26110825720953,267.88097507009763,47.567966032021644,77.0
27,31,10.0,7.269310666702893,267.88097507009763,47.567966032021644,77.0629923537965
27,32,10.0,7.21192694197259,267.88097507009763,47.567966032021644,77.0
27,33,10.0,7.103852860824014,267.88097507009763,47.567966032021644,76.5
27,34,10.0,6.9407014933185875,267.88097507009763,47.567966032021644,76.0
27,35,10.0,6.798546254857089,267.88097507009763,47.567966032021644,75.9997174532292
27,36,8.94427190999916,6.815650668363139,269.08964311489655,47.977133167514666,76.0
27,37,8.94427190999916,6.847047534508683,270.29831115969546,48.387365651201755,75.56640841048403
27,38,8.94427190999916,6.780322874528275,267.54665418112853,49.578938489172806,75.0
27,39,11.313708498984761,6.789395487664265,262.3972959569504,50.028441263140714,75.0
27,40,11.313708498984761,6.785979855295687,257.24793773277236,50.47661743362272,73.99992054797616
27,41,7.211102550927978,6.753794475262456,261.20826275613825,51.255491579345446,72.81583141922872
27,42,7.211102550927978,6.835328220290628,265.16858777950415,52.032641488559214,71.55937133725713
27,43,7.211102550927978,6.857945158618576,269.12891280287,52.807787976242025,70.49648085366681
27,44,7.211102550927978,6.7957793527527945,273.08923782623583,53.58065622632815,68.99703896331593
27,45,7.211102550927978,6.711684373076541,277.0495628496017,54.3509763497602,69.00004894020242
27,46,7.211102550927978,6.675853120331326,281.00988787296757,54.47851201156163,67.95521311901958
27,47,7.211102550927978,6.6559543068771365,284.9702128963334,54.60605006659541,66.99454335979603
27,48,7.211102550927978,6.606088248693831,288.9305379196993,54.733589251030935,66.4381102117302
27,49,7.211102550927978,6.60727802853356,292.8908629430652,54.86112830097042,66.45060337111768
27,50,7.211102550927978,6.4841446742116995,296.85118796643104,54.98866595252411,66.78865290996863
27,51,10.0,6.574912566886238,296.85118796643104,54.98866595252411,67.06232934349514
27,52,10.0,6.794844802397273,296.85118796643104,54.98866595252411,66.49411291919412
27,53,10.0,6.920636914795768,296.85118796643104,54.98866595252411,65.9377112771798
27,54,10.0,6.97374327265942,296.85118796643104,54.98866595252411,65.93752830460242
27,55,10.0,6.973686873027678,296.85118796643104,54.98866595252411,66.0
27,56,10.0,6.90664209086315,296.85118796643104,54.98866595252411,66.05977783260421
27,57,10.0,6.819431637346404,296.85118796643104,54.98866595252411,66.00006992874086
27,58,10.0,6.798814068889157,296.85118796643104,54.98866595252411,65.99634697282563
27,59,10.0,6.763834017290221,296.85118796643104,54.98866595252411,65.99644660070945
27,60,10.0,6.763979053180518,296.85118796643104,54.98866595252411,65.94341980377165
27,61,8.48528137423857,6.752244392695222,297.47047565388254,54.252340071401576,65.93719969513981
27,62,8.48528137423857,6.805525377943198,298.08976334133405,53.51600267417211,66.20173341260984
27,63,8.48528137423857,6.866373215573666,298.70905102878555,52.77989691492839,66.02011990802589
27,64,8.48528137423857,6.884295225927709,301.72603996184813,52.779896914928386,66.2303741790152
27,65,8.48528137423857,6.863621357424972,304.74302889491076,52.779896914928386,66.0
27,66,8.48528137423857,6.856113169628626,302.6106596037953,52.32724118948959,65.99867981068722
27,67,8.48528137423857,6.803461897729779,300.4782903126798,51.87437656179072,65.46852358288182
27,68,8.48528137423857,6.806751737289233,298.3459210215644,51.421359502815164,65.02382340046047
27,69,8.48528137423857,6.8614977219415625,296.2135517304489,50.9682465977831,65.57380685354451
27,70,8.48528137423857,6.987740643367435,294.0811824393335,50.51509450380377,65.0
27,71,8.48528137423857,7.031654204841499,291.948813148218,50.06195990739316,64.43763662220205
27,72,8.48528137423857,7.06956982797155,289.81644385710257,49.608899481936405,64.0
27,73,8.48528137423857,7.054620175392727,287.6840745659871,49.155969845174944,64.0
27,74,8.48528137423857,7.032462088248542,285.55170527487167,48.70322751679788,63.56046320584795
27,75,10.0,7.04671862977677,281.59138025150577,47.92743185349809,63.0
27,76,10.0,7.084809019028522,281.59138025150577,47.277674251422795,62.78746537894325
27,77,10.0,7.123412504387629,281.59138025150577,46.62732999642075,61.9735476036798
27,78,10.0,7.1566436580664705,281.59138025150577,45.97656605463917,60.999723444521436
27,79,10.0,7.154822971402968,281.59138025150577,45.97656605463917,60.50631593961063
27,80,10.0,7.181450981777476,281.59138025150577,45.97656605463916,60.063318035865144
28,0,10.0,6.997601024110379,256.0,53.13010235415597,88.56044687421752
28,1,10.0,7.078428893002531,256.0,53.13010235415597,87.93563558740243
28,2,10.0,7.127399959329522,256.0,53.13010235415597,87.55969323744993
28,3,10.0,7.097424543960907,256.0,53.13010235415597,87.03934249817691
28,4,10.0,7.03237067666054,256.0,53.13010235415597,85.44559078357669
28,5,10.0,6.957663798468394,256.0,53.13010235415597,84.94138651193774
28,6,10.0,6.899543302172608,256.0,53.13010235415597,84.88589087984029
28,7,10.0,6.841502835765403,256.0,53.13010235415597,84.95400917054906
28,8,10.0,6.868671859937212,256.0,53.13010235415597,85.02854997208448
28,9,10.0,6.873663306101233,256.0,53.13010235415597,85.0633630068597
28,10,10.0,6.902840703059887,256.0,53.13010235415597,84.53165864765396
28,11,10.0,6.835858908048274,256.0,53.13010235415597,84.00604683131051
28,12,10.0,6.7213523296270585,256.0,53.13010235415597,83.5
28,13,11.313708498984761,6.592419801101971,253.8767264271211,52.55093150991301,83.0
28,14,10.770329614269007,6.555255915060303,252.79761352308813,53.584274001028085,82.4971212001739
28,15,8.94427190999916,6.466232211959327,254.88630649789343,54.19914518770622,82.0
28,16,8.94427190999916,6.589930982913702,256.7292708874275,54.74232253448745,81.50031325493228
28,17,8.94427190999916,6.745656845745834,258.3674614559023,55.22557182894485,81.49997855879418
28,18,8.94427190999916,6.761433943154471,259.833210911906,55.658233530812375,81.0
28,19,8.94427190999916,6.76113924558462,261.15238542230935,56.04781351521235,80.52792537825216
28,20,8.94427190999916,6.789742980215535,262.34592426505526,56.40041009982017,80.0
28,21,8.94427190999916,6.868429164232966,263.4309595766424,56.72102768002183,80.0
28,22,8.94427190999916,6.8447116553966785,264.42164399156985,57.01381044880503,79.54751262438064
28,23,10.0,6.85055843134057,264.07074215858773,56.18543717549925,79.06313419215273
28,24,10.0,6.773432422786991,263.74791247224425,55.420191456176795,78.56935576051018
28,25,8.94427190999916,6.622423804169321,264.95658051704316,55.83533888704333,78.00338243234873
28,26,8.94427190999916,6.548557808806277,266.1652485618421,56.25074358378872,77.53140813167752
28,27,7.211102550927978,6.3726726746163385,270.125573585208,55.48635586623784,76.99983257499521
28,28,14.422205101855956,6.463569893281842,266.9857360968909,55.61517591932322,76.4917037487969
28,29,14.422205101855956,6.3904965658749875,263.84589860857386,55.74398692225991,76.9783379157878
28,30,10.0,6.416890785159966,263.84589860857386,55.74398692225991,76.60803215292654
28,31,10.0,6.584580530367463,263.84589860857386,55.74398692225991,76.00434140711613
28,32,10.0,6.711253844988764,263.84589860857386,55.74398692225991,75.98157842293755
28,33,10.0,6.697626095756363,263.84589860857386,55.74398692225991,76.06279515593735
28,34,10.0,6.585341468110658,263.84589860857386,55.74398692225991,75.69889896274319
28,35,8.48528137423857,6.608480392270626,265.6738543408243,55.41685933373899,75.98397109476389
28,36,8.48528137423857,6.4993808268834865,267.5018100730747,55.089315404991616,76.0568609605799
28,37,14.422205101855956,6.4029315411381535,264.3619725847576,55.21830121075367,76.06268694113447
28,38,14.422205101855956,6.3822101040475046,262.41116829725274,55.6746457132972,76.05583551237281
28,39,11.313708498984761,6.493431200131215,261.9545337817755,54.740974027637726,76.0014542645688
28,40,11.313708498984761,6.634881941820454,259.5568325361644,53.99707066657311,75.77031467001625
28,41,11.313708498984761,6.747761366098426,257.1591312905532,53.25324160247908,76.06260253218993
28,42,11.313708498984761,6.7650977673088875,254.7614300449421,52.50973743097286,75.49578420630723
28,43,11.313708498984761,6.69743539194261,252.363728799331,51.76680809142715,75.27272403446969
28,44,11.313708498984761,6.5669612917341,249.96602755371987,51.02470236422733,75.0
28,45,11.313708498984761,6.392562690532964,247.56832630810877,50.283667373858606,74.56490356274094
28,46,11.313708498984761,6.229832089938767,245.17062506249763,49.54394810028926,73.51098756536092
28,47,11.313708498984761,6.075648767304632,242.77292381688653,48.805786901037806,72.50426397429871
28,48,11.313708498984761,6.029339125853247,241.58389061607434,49.13019725333169,69.94426616321465
28,49,10.198039027185569,6.115699719057573,241.38503673514936,50.766905474295214,68.93748862939883
28,50,11.313708498984761,6.106411098336826,238.98733548953822,50.02594687102273,69.00000288533394
28,51,10.198039027185569,6.276519096305107,237.57981356381435,50.60223854822304,68.49991306116456
28,52,7.211102550927978,6.326611407010171,237.57981356381435,51.50866714182615,68.5005119179255
28,53,7.211102550927978,6.385224067332296,244.67997607549728,51.50866714182615,68.00000994017344
28,54,7.211102550927978,6.370212147051175,251.78013858718023,51.50866714182615,67.53906273637382
28,55,10.770329614269007,6.344111995815094,251.04773990184526,52.11080596245631,67.0
28,56,10.0,6.525374030727087,251.04773990184526,52.11080596245631,67.00012626252153
28,57,10.0,6.71857126948582,251.04773990184526,52.11080596245632,67.0
28,58,10.0,6.770070567519165,251.04773990184526,52.11080596245632,66.99609299623867
28,59,10.0,6.793636498222094,251.04773990184526,52.11080596245631,67.0
28,60,10.0,6.87373860363057,249.21978416959485,52.43997579602118,66.99711185707933
28,61,10.0,6.958063149261954,247.39182843734446,52.768922738550444,65.99351811381025
28,62,10.0,6.9743532073878525,250.5316659256615,52.64003605893962,65.859470747852
28,63,10.0,6.966359709407042,253.67150341397857,52.51117043549962,66.06257789188794
28,64,10.0,6.944060390069278,254.86053661479076,52.83992023772255,65.49046857070316
28,65,10.0,7.042803739499189,256.049569815603,53.16842131853071,65.00102632509459
28,66,10.0,7.112739960435233,257.2386030164152,53.49665238889904,65.00389304517627
28,67,10.0,7.028976286347962,258.42763621722736,53.824592265665714,65.0
28,68,10.0,6.81689600262919,259.6166694180396,54.152219879544056,65.0
28,69,8.48528137423857,6.706228237530882,262.63365835110216,54.15221987954405,65.0
28,70,8.48528137423857,6.5840230586765305,265.6506472841648,54.152219879544056,65.02969956565394
28,71,11.661903789690601,6.52640821359364,265.38040804427345,53.606505943455346,65.0
28,72,11.661903789690601,6.460782262918428,265.11016880438206,53.05786928578015,65.06450656181686
28,73,11.661903789690601,6.620291101724273,264.8399295644907,53.62733369950895,65.06960290206655
28,74,11.661903789690601,6.755168662945723,263.5795110047121,52.86255536248754,65.00060212258262
28,75,11.661903789690601,6.6229298427291345,263.3092717648208,53.42981994672485,65.06280030486019
28,76,12.806248474865697,6.623518987102264,261.2642222544424,52.35872507111252,64.26297990670304
28,77,10.0,6.818030927508503,257.3038972310765,52.23053446330891,64.0
28,78,10.0,6.894033370334673,253.34357220771065,52.10236878965212,63.562383476744586
28,79,10.0,6.941111590497042,249.38324718434475,51.97422932510663,63.0
28,80,10.0,7.00954949002823,250.11564586967972,51.37598153550406,62.5
28,81,10.0,6.93081699562424,250.11564586967972,51.37598153550406,62.0
28,82,10.0,6.939902822006283,250.11564586967972,50.726488366590786,61.4375
28,83,10.0,7.056717218521694,250.11564586967972,50.726488366590786,61.00019038630807
28,84,10.0,7.143752743664677,250.11564586967972,50.72648836659079,60.9980803680848
28,85,10.0,7.255002970633748,250.11564586967972,50.726488366590786,61.00359242892292
28,86,10.0,7.3426770909945605,250.11564586967972,50.726488366590786,60.559836349600005
28,87,10.0,7.382351093697457,250.11564586967972,50.726488366590786,60.06317313148284
29,0,8.48528137423857,6.352159246065696,301.6988933062603,45.0,90.49591630754217
29,1,8.48528137423857,6.233433275493682,301.6988933062603,45.0,89.5
29,2,7.211102550927978,6.280484528284394,319.4686373988891,41.235480865569535,89.0
29,3,10.0,6.455678730403288,303.6014780491668,40.14092924083602,88.4334276032624
29,4,11.313708498984761,6.52881175731029,288.1360164352725,41.115137166290275,88.0
29,5,8.48528137423857,6.577743405562166,290.3964959137705,41.764289095694075,87.99598771764448
29,6,8.48528137423857,6.6354754986886,292.0111241126976,42.22770313272929,87.5321577648036
29,7,8.48528137423857,6.65820983456569,293.22209526189295,42.57507659339279,87.0
29,8,8.48528137423857,6.694544583119962,294.1639617112671,42.845126876846386,86.99098037451624
29,9,8.48528137423857,6.7202018452178995,294.9174548707664,43.06107695756633,86.60100470810757
29,10,8.48528137423857,6.799613336668169,295.53394927399313,43.23769915522353,86.02386674857038
29,11,8.48528137423857,6.823799876974181,296.0476946100154,43.38483757182915,85.53381366534116
29,12,8.48528137423857,6.716623879304818,296.4824022020342,43.5093045910171,84.5319242142097
29,13,8.48528137423857,6.692632682948754,296.85500870947897,43.61596434051978,84.01032917864175
29,14,8.48528137423857,6.6143373758989465,297.1779343492644,43.708382579759224,83.52935169180634
29,15,8.94427190999916,6.576721341266379,296.49285727243364,44.92330295721839,83.07291751661852
29,16,8.94427190999916,6.507261251346695,295.8883774987595,46.00165644711838,82.04662647107278
29,17,8.94427190999916,6.270698622436072,295.35106214438247,46.96459428598033,81.54214470317278
29,18,11.313708498984761,6.2930594494705945,291.71543624097785,46.8602620840056,81.26090334606829
29,19,10.0,6.411103476986089,289.92966442892896,46.35855120674031,80.46826462015393
29,20,10.0,6.478974884025061,288.3139661227895,45.90442325792332,79.99255460920253
29,21,10.0,6.567352739079218,286.84514948084455,45.49146523588395,79.96037907292391
29,22,10.0,6.608914881791086,285.50405602515565,45.11435903218414,79.99661966100636
29,23,10.0,6.502363768432748,284.2747203574408,44.76865887454666,78.9359658285534
29,24,10.0,6.502507116020061,283.1437315431432,44.45062059025848,78.98931147669684
29,25,11.661903789690601,6.342414159841936,279.8565033701892,45.01194115503385,79.05959115741341
29,26,11.661903789690601,6.420629030714506,276.56927519723524,45.57461657607992,78.13485537398574
29,27,8.94427190999916,6.3870052256182746,273.8176182186683,46.76499045249119,76.99613491372108
29,28,8.94427190999916,6.543007531684988,275.0262862634673,47.83109768279828,76.08974115532499
29,29,8.94427190999916,6.683982105105612,277.42398750907836,48.5720480980916,75.55306021099429
29,30,8.94427190999916,6.724708268452062,276.80469982162685,49.314897648401484,74.04054072650796
29,31,8.94427190999916,6.850020773026225,276.1854121341754,50.05940302650189,73.96818477187212
29,32,8.94427190999916,6.930514938798628,275.5661244467239,50.80531760412646,74.0
29,33,8.94427190999916,6.911549898717125,274.9468367592724,51.55239190905263,74.06069892014129
29,34,8.94427190999916,6.85881025796388,274.3275490718209,52.30037411642071,73.51517952458266
29,35,8.94427190999916,6.726816788031997,273.70826138436945,53.049010551917476,72.99738150153615
29,36,8.94427190999916,6.6516538826988,273.08897369691795,53.79804620434328,72.53071555421542
29,37,11.313708498984761,6.621200471049186,270.0719847638553,53.79804620434327,72.2398193025597
29,38,11.313708498984761,6.725793813644433,267.05499583079273,53.79804620434328,71.99350208790834
29,39,11.313708498984761,6.783248278455589,264.0380068977301,53.79804620434327,70.99617552404239
29,40,11.313708498984761,6.679991500489881,261.640305652119,53.04901055191747,70.96982561810587
29,41,11.313708498984761,6.640584811484093,259.2426044065079,52.30037411642072,71.0
29,42,11.313708498984761,6.585087889910282,256.8449031608968,51.55239190905264,71.48640459927876
29,43,10.0,6.665499988357905,258.033936361709,51.22652145318947,72.06302555592906
29,44,10.0,6.807353908359663,258.033936361709,51.22652145318947,71.98020105848141
29,45,10.0,6.841377889530608,258.033936361709,51.22652145318947,72.7629413222965
29,46,11.313708498984761,6.82677031010247,256.8449031608968,51.55239190905264,73.00198302011735
29,47,10.0,6.829991251959355,256.8449031608968,51.55239190905263,72.99090810956504
29,48,8.48528137423857,6.801931423418022,258.6728588931472,51.87756897698462,73.0
29,49,8.48528137423857,6.853305513491028,260.5008146253976,52.20203398766721,72.99821346469876
29,50,8.48528137423857,6.845022178500875,263.78804279835157,51.63244088801346,72.52868381435337
29,51,11.313708498984761,6.80834153383874,264.0582820382429,51.06292400966387,72.06207636174118
29,52,10.0,6.7786007491210345,262.849613993444,49.991941956368244,71.56655948718534
29,53,10.0,6.7941769546630795,261.6409459486451,48.92107202190957,70.49614218214082
29,54,10.0,6.729531836603208,260.43227790384617,47.85106170980719,69.99801646971062
29,55,10.0,6.6644092515501825,259.2236098590472,46.78265492887466,69.42801374980436
29,56,12.806248474865697,6.614675054415055,255.77103842294494,45.78847390899543,69.00629676014324
29,57,12.806248474865697,6.578196490541404,252.31846698684265,44.79745811420606,68.01333320204796
29,58,12.806248474865697,6.606366798618941,248.86589555074036,43.81018224104301,68.00367472868166
29,59,12.806248474865697,6.427904952340514,245.41332411463804,42.827207783393156,68.01072333189589
29,60,10.0,6.445687492843885,244.20465606983916,41.77730518235368,67.00004381459382
29,61,10.0,6.548616351232983,242.99598802504022,40.73303632794596,66.50483432933073
29,62,11.313708498984761,6.551281195557513,242.99598802504025,40.73303632794596,65.93739746781009
29,63,11.313708498984761,6.574343488091041,242.99598802504025,40.73303632794596,65.7575954311755
29,64,10.0,6.433124839027023,244.18502122585244,40.407389787072496,65.00460128277027
29,65,12.806248474865697,6.5054580428301865,243.13015103536122,40.15346125179664,65.0
29,66,12.806248474865697,6.472886746909541,242.07528084487006,39.89959857398011,64.56255084798796
29,67,11.661903789690601,6.491255238893804,241.80504160497873,39.338612480346875,64.0
29,68,11.661903789690601,6.570176105156281,240.34576916427514,39.10291476283686,63.0
29,69,11.313708498984761,6.601765202063026,239.15673596346295,39.428581798593825,62.433596782206074
29,70,11.313708498984761,6.8155775090301285,237.96770276265076,39.75434621852433,61.93752898609336
29,71,11.313708498984761,6.81422533748051,237.96770276265076,39.75434621852433,61.00010994070277
29,72,10.0,6.872264534979802,237.96770276265076,39.75434621852433,60.9648389126467
29,73,10.0,6.886005981238179,236.13974703040037,39.428581798593825,60.00217762790747
30,0,8.94427190999916,6.407907559209161,286.2167011199731,63.43494882292201,91.55642424969074
30,1,8.48528137423857,6.404828108455884,293.9577972131167,54.217474411461005,90.64242621422952
30,2,11.661903789690601,6.41963767381597,269.1445944695482,55.83726254173488,89.60601438922164
30,3,11.661903789690601,6.367782305017248,256.737993097764,56.64252489861495,88.98545062122174
30,4,10.0,6.37988315957186,256.5903944782112,52.7025613257028,88.50074512319594
30,5,10.0,6.574671395953271,256.49199539850935,50.048409372308875,88.0
30,6,10.0,6.633949769730412,256.4217103415794,48.14643062069498,87.0
30,7,10.0,6.6620610142580725,256.368996548882,46.719456409884046,86.42974255670885
30,8,10.0,6.551766327326485,256.3279969323396,45.610565310532785,86.00139359032767
30,9,10.0,6.491953462940868,256.2951972391056,44.72468199664316,86.0
30,10,10.0,6.519718171370495,256.26836112645964,44.00100141611157,85.50573936888229
30,11,10.0,6.605037999774698,256.2459976992547,43.39889087057998,85.0
30,12,10.0,6.5705769356120935,256.227074799312,42.89019574498206,85.03559004329496
30,13,10.0,6.435714693802737,256.2108551707897,42.454805962118535,84.22818816647613
30,14,7.211102550927978,6.381191719155914,262.7973398650135,41.864538965460724,83.95386289261508
30,15,7.211102550927978,6.440619043237521,268.5605139724593,41.34831478641687,84.35632614949336
30,16,7.211102550927978,6.502504505130267,273.6456675966762,40.89309394617279,84.87415933963443
30,17,7.211102550927978,6.4825460250530345,278.1658041515357,40.48871493648325,85.39209563419563
30,18,11.661903789690601,6.540552734575273,275.07908756368704,41.46251203410842,85.8880004942845
30,19,11.661903789690601,6.569422369177132,272.3010426346233,42.34193196993806,86.93866446645103
30,20,8.48528137423857,6.511084056626729,273.7009402856536,42.47047386709642,86.54936570167361
30,21,8.48528137423857,6.620204355969037,274.973574513863,42.58716390807861,86.05578038909961
30,22,8.48528137423857,6.502516977085884,276.13554489614114,42.69356816097923,84.0426848066125
30,23,10.0,6.564516965211994,275.2965638588019,42.44789773101439,82.54028219403844
30,24,10.0,6.665331484847991,274.5247013044498,42.22205754401093,80.93511133855091
30,25,7.211102550927978,6.6165853916946515,277.2763582830168,41.94732769711572,80.42059779863806
30,26,7.211102550927978,6.747353236161011,279.4087275741323,42.39978278121961,80.05844467027937
30,27,7.211102550927978,6.771345175120959,284.8283250382017,42.29323415212701,79.43010877216997
30,28,7.211102550927978,6.811043609751973,290.2479225022711,42.18679441554495,79.93175093225342
30,29,7.211102550927978,6.787837896355187,294.2082475256369,42.96871827943833,79.53533336544425
30,30,7.211102550927978,6.814666515847885,298.16857254900276,43.75199505163332,79.0
30,31,7.211102550927978,6.745113708886343,302.12889757236866,44.536334822280566,79.09896870855381
30,32,7.211102550927978,6.626862373548823,306.08922259573455,45.321445301674686,79.0374238246489
30,33,7.211102550927978,6.609815634345985,310.0495476191004,46.10703246857216,78.04590921943782
30,34,7.211102550927978,6.618033935851851,314.0098726424663,46.89280122820875,77.58532123399526
30,35,7.211102550927978,6.658301436923402,317.97019766583213,47.67845607635158,76.99483631442709
30,36,7.211102550927978,6.734475935666596,321.930522689198,48.46370176565698,76.5848258187472
30,37,7.211102550927978,6.751997728902873,325.89084771256387,49.24824397058136,75.08531869960598
30,38,10.0,6.722796710534481,325.89084771256387,49.24824397058136,74.03280771708773
30,39,10.0,6.736615087729957,321.930522689198,49.373355898575525,73.57570722484715
30,40,10.0,6.762437118493861,317.9701976658322,49.4983307998767,73.0
30,41,10.0,6.672684674620744,314.0098726424663,49.623167712243145,72.56649230383064
30,42,10.0,6.712101755801157,310.0495476191004,50.401008566409246,72.00317022531361
30,43,10.0,6.8035610453675135,311.508820059804,50.16353532494033,71.43631869613527
30,44,10.0,6.825984387064855,312.9680925005075,49.926266014240696,71.4322991200993
30,45,10.0,6.89625430512756,311.1401367682571,50.25443025994289,71.45698082882924
30,46,10.0,6.929360116076073,309.3121810360067,50.58251647918247,71.00552007070962
30,47,10.0,6.971457178594164,307.48422530375626,50.910503193501576,71.03556608484257
30,48,10.0,6.9624973828459265,307.48422530375626,51.56077976287726,70.99963075275365
30,49,10.0,6.940914050522822,307.48422530375626,52.20936320529141,70.4861806545459
30,50,10.0,6.900119094738771,303.5239002803904,52.08141615908607,70.96716391214578
30,51,8.48528137423857,7.024085444366813,301.391530989275,51.62664219186748,71.04090198262412
30,52,8.48528137423857,7.070633817795847,299.2591616981595,51.17174574982091,70.93874075978111
30,53,8.48528137423857,7.112774900936813,297.12679240704404,50.71678414794263,70.92713601637165
30,54,8.48528137423857,7.151895259120083,294.9944231159286,50.261814750509615,70.93756323484904
30,55,8.48528137423857,7.16309949890602,292.86205382481313,49.80689492769603,71.0
30,56,8.48528137423857,7.1356348323516725,290.7296845336977,49.35208201217871,71.00314809846948
30,57,8.48528137423857,7.120525452471646,288.5973152425822,48.8974332558134,71.0
30,58,8.48528137423857,7.086364814693142,286.46494595146675,48.443005786463694,70.50014158866401
30,59,8.48528137423857,7.022140427036932,284.3325766603513,47.98885656506395,70.0
30,60,10.0,6.8969152616492275,280.3722516369855,47.21016967713943,69.39435596814234
30,61,10.0,6.836352212343278,276.4119266136196,46.43125359772578,69.00961448521483
30,62,10.0,6.775231987066245,272.4516015902537,45.65239615631674,68.5392483018375
30,63,8.94427190999916,6.673502652454018,273.6602696350526,46.71040326791896,68.02371779463058
30,64,8.94427190999916,6.724782953273052,274.86893767985157,47.77076550675188,67.0216620842122
30,65,8.94427190999916,6.711366488374592,276.0776057246505,48.832762461089224,66.44649723484874
30,66,8.94427190999916,6.677639331481746,277.2862737694494,49.89566700939901,65.937163656468
30,67,8.94427190999916,6.7369024067641305,278.4949418142483,50.30720475530848,66.00010268488516
30,68,8.94427190999916,6.820837580675559,279.7036098590472,50.71957242330069,65.56836879733963
30,69,8.94427190999916,6.866426971528781,280.91227790384613,51.132729680582514,64.9985202961657
30,70,8.94427190999916,6.9143415672735875,282.1209459486451,51.54663571136661,64.56878104183203
30,71,8.94427190999916,6.902493591522414,283.329613993444,51.96124923924463,64.00688874242957
30,72,8.94427190999916,6.83999576798903,284.5382820382429,52.37652855025348,64.06222717337229
30,73,8.94427190999916,6.731653180644313,285.74695008304184,52.79243151660488,63.29215794586261
30,74,8.94427190999916,6.577753629913862,286.9556181278408,53.20891562104707,63.06232253275364
30,75,8.94427190999916,6.387098941348299,288.1642861726397,53.625937981825565,63.008619414527544
30,76,8.94427190999916,6.388754771089574,287.5449984851882,52.91230154548196,62.00460128277026
30,77,8.94427190999916,6.470111002693967,286.9257107977367,53.66196714205944,62.0
30,78,8.94427190999916,6.553872081986078,286.30642311028527,54.411822981623445,61.562550847987964
30,79,12.806248474865697,6.607286149781075,282.2345639867315,54.158911925061446,61.0
30,80,10.0,6.685126044970765,280.40660825448106,53.83511398259303,60.49219356441213
31,0,8.48528137423857,6.763696406536898,301.6988933062603,45.0,91.56420142815426
31,1,8.48528137423857,6.686309679479234,301.6988933062603,45.0,90.50121415773485
31,2,8.48528137423857,6.520741339978902,301.6988933062603,45.0,90.0
31,3,10.0,6.516029602173271,290.2741699796952,47.02996458907633,89.50118749085652
31,4,10.0,6.659098130645763,283.4193359837562,48.250728876217096,89.0
31,5,10.0,6.764448173055197,278.84944665313014,49.06505117707798,88.4998747831576
31,6,10.0,6.770239501907737,275.5852399883973,49.64672914646463,88.0
31,7,10.0,6.676772200548442,273.1370849898476,50.08291550462108,87.5
31,8,8.48528137423857,6.479056705602832,276.3106192472268,49.51747351598613,87.0
31,9,8.48528137423857,6.477343832248578,278.84944665313014,49.06505117707798,86.5
31,10,8.48528137423857,6.494535011647056,280.926669076142,48.694884901988495,86.0
31,11,7.211102550927978,6.4097752917663335,287.1001237851424,49.32949749885278,85.50415402601125
31,12,12.806248474865697,6.430665329166904,280.3926077414711,49.48456532195468,85.0
31,13,8.48528137423857,6.450952327006088,281.9144852818132,49.163671959153426,84.45948916884427
31,14,8.48528137423857,6.414456587511852,283.2334458167763,48.885569348749655,84.0
31,15,8.48528137423857,6.42127035771853,284.38753628486904,48.64224420278203,84.0
31,16,8.94427190999916,6.4609784078060395,284.4951342163458,49.50660298501793,83.5625
31,17,8.48528137423857,6.397654684222995,285.4508986102299,49.25540915659703,83.5625
31,18,8.94427190999916,6.49250467962257,285.4912040054795,49.998293803072286,82.4375
31,19,8.94427190999916,6.527838277044928,285.52747886120426,50.668443262759226,82.40710167429455
31,20,8.94427190999916,6.558404742624498,285.56029896876464,51.27588191078563,82.36609930010559
31,21,8.94427190999916,6.539713084000678,285.59013543018324,51.82889945867339,82.4205696806534
31,22,8.94427190999916,6.410865934996206,285.61737741669583,52.3344052822321,82.91023946117753
31,23,10.0,6.287415627804727,284.3833200243335,52.36783293625875,83.01734867239034
31,24,7.211102550927978,6.289651851564906,287.208312246726,52.52666003793172,82.65899657006852
31,25,7.211102550927978,6.425426529883824,289.3406815378415,52.98158551134808,83.01002465133763
31,26,7.211102550927978,6.591821672091587,291.47305082895696,53.4362176658042,82.94960520420948
31,27,7.211102550927978,6.736828222631148,293.6054201200724,53.8904995987723,83.01615532116375
31,28,7.211102550927978,6.70831004337141,297.5657451434383,54.018553876885576,82.44266455214989
31,29,7.211102550927978,6.670558390201866,301.5260701668041,54.14661516346145,82.0
31,30,7.211102550927978,6.637719303932132,305.48639519017,53.37904228694968,81.44229422221837
31,31,10.0,6.624684179901845,305.48639519017,52.73059225119728,81.0
31,32,7.211102550927978,6.6027175459016085,309.44672021353585,52.859114930679496,80.49568750732215
31,33,7.211102550927978,6.631523926137187,311.57908950465134,53.31534512234191,80.0426848066125
31,34,7.211102550927978,6.584342112000238,313.71145879576676,53.771237966025076,79.03523809646498
31,35,7.211102550927978,6.620978764265591,315.84382808688224,54.22673618081047,79.0
31,36,7.211102550927978,6.632392362319586,315.8438280868822,54.22673618081048,78.50353931172539
31,37,7.211102550927978,6.60910783121889,322.04805650155146,54.427434882190454,78.00386171344917
31,38,7.211102550927978,6.608613507795181,324.18042579266694,54.88235259402183,77.9776469071423
31,39,7.211102550927978,6.705697780526139,326.3127950837824,55.336736979715006,78.0
31,40,7.211102550927978,6.852559216262209,328.44516437489784,55.790531929040995,78.0
31,41,7.211102550927978,6.905353873363825,331.19682135346477,55.50424841411211,77.43742138019896
31,42,7.211102550927978,6.806983035597261,333.32919064458025,55.95744680557058,76.99636452724576
31,43,7.211102550927978,6.750649482800358,336.0808476231472,55.671407423976895,76.85620249749982
31,44,7.211102550927978,6.721847907285572,338.8325046017141,55.38557767060676,75.5210411319409
31,45,7.211102550927978,6.7649657779058705,341.5841615802811,55.099971525561635,75.03016399793604
31,46,7.211102550927978,6.685409872270405,344.335818558848,54.81460290263272,74.08797771706708
31,47,7.211102550927978,6.581430551224654,347.08747553741495,54.5294856453459,72.54372720465607
31,48,10.0,6.68359806550851,347.08747553741495,53.88584580493779,71.93654375808372
31,49,10.0,6.691432789891064,343.12715051404905,53.11172911969899,71.4900465469604
31,50,10.0,6.769173331395484,339.16682549068327,52.33521379791251,71.00054545529908
31,51,10.0,6.693880367772703,335.2065004673173,52.20689948972564,69.99340770224549
31,52,10.0,6.783890396145423,331.24617544395153,52.07861040126198,69.93267330003198
31,53,10.0,6.855595937749406,327.28585042058563,51.95034781102934,70.00048313578486
31,54,10.0,6.925211571924426,323.32552539721974,51.822112995945155,69.93943053584022
31,55,10.0,7.0458887780454225,319.3652003738539,52.59334962787874,70.0
31,56,10.0,7.033332928406151,319.3652003738539,53.23964450098508,69.93984978177869
31,57,10.0,7.026009222757048,315.40487535048806,53.11177808724418,70.0
31,58,10.0,7.016464634648327,311.44455032712216,52.98392769515601,70.15053940408794
31,59,10.0,6.982894621220015,307.48422530375626,52.85609459464082,70.9628151587803
31,60,8.48528137423857,7.000696139220288,305.35185601264084,52.402099178527564,71.00490155195244
31,61,8.48528137423857,7.014738471939301,303.2194867215254,51.94788420447711,71.0
31,62,10.0,6.953462029951713,299.2591616981595,51.820094403992016,70.99812538800212
31,63,8.48528137423857,6.951532157805054,297.12679240704404,51.36575334203251,71.0
31,64,10.0,7.002054827851871,293.1664673836782,50.5890073771065,70.46442094902784
31,65,10.0,7.0041406972665445,289.20614236031236,49.8107863595566,69.99594742982312
31,66,10.0,6.889605622899102,285.24581733694646,49.031373936938564,70.0
31,67,10.0,6.684323776550998,281.28549231358056,48.251056388428715,69.5136620011505
31,68,10.0,6.771632055783384,277.3251672902147,48.12355809737704,68.93686580784727
31,69,10.0,6.823511914328452,273.3648422668489,47.996125391393186,68.45915461516645
31,70,10.0,6.8611722188505455,269.404517243483,47.86875947964568,67.99661756765127
31,71,10.0,6.764658617577316,265.4441922201171,47.741461567395284,67.49427341143888
31,72,8.94427190999916,6.67731117641082,262.69253524155016,48.02248167700119,67.00016742500479
31,73,8.94427190999916,6.75835814625149,263.9012032863491,49.085157256367374,66.56373564169446
31,74,8.94427190999916,6.93124459417304,265.109871331148,50.14856761921602,66.0618151722999
31,75,8.94427190999916,6.979574189779755,266.31853937594695,51.211980638085045,66.01684715422479
31,76,8.94427190999916,7.079522695785086,267.5272074207458,51.624823303086025,65.01864859146494
31,77,8.94427190999916,7.071078100352558,268.7358754655448,52.03836157305138,64.01740685122279
31,78,8.94427190999916,6.978060828247221,269.9445435103437,52.45255401734573,63.396389575831044
31,79,8.94427190999916,6.9437088852557896,271.1532115551426,52.86735880071684,63.500123797447095
31,80,8.94427190999916,6.897648020629687,272.3618795999415,53.28273370741749,63.0
31,81,8.94427190999916,6.807118843387373,273.5705476447405,53.698636165909726,62.500180827780895
31,82,8.94427190999916,6.7426837928166865,274.7792156895394,54.11502327411746,62.0
31,83,8.94427190999916,6.678725579511169,275.9878837343383,54.53185182519117,62.0
31,84,8.94427190999916,6.659319189235487,277.1965517791372,54.94907833374748,61.49610484170289
31,85,8.94427190999916,6.591415123150779,276.5772640916858,55.69463065653933,61.0
31,86,8.94427190999916,6.6026277153403035,275.9579764042343,56.439683004868975,61.0
31,87,8.94427190999916,6.624276412219501,277.1666444490332,56.85739544645367,60.5
31,88,8.94427190999916,6.649447524261978,276.5473567615817,57.60155056592674,60.0
32,0,8.48528137423857,6.92957258282993,301.6988933062603,45.0,91.09147282255589
32,1,8.48528137423857,6.894746256224375,301.6988933062603,45.0,89.37522321266266
32,2,8.48528137423857,6.848454323639038,301.6988933062603,45.0,89.0
32,3,8.48528137423857,6.7598926713410314,301.6988933062603,45.0,88.45203772500017
32,4,8.48528137423857,6.675471996873619,301.6988933062603,45.0,87.95347465483383
32,5,8.48528137423857,6.64931382797082,301.6988933062603,45.0,87.47238512927987
32,6,8.94427190999916,6.751237525048778,299.4871515653621,47.605676911351715,86.94055415440415
32,7,8.94427190999916,6.797011860836362,297.8283452596885,49.57872383598492,86.75957923024798
32,8,8.94427190999916,6.747711115314529,296.53816257749787,51.12121693403989,87.0672448803173
32,9,8.94427190999916,6.576672007657048,295.5060164317454,52.358561923158355,86.49746699521131
32,10,7.211102550927978,6.480584349063108,300.9152990819637,52.72165710799419,86.50462913200516
32,11,7.211102550927978,6.483856786257096,305.42303462381227,53.0237048862881,85.94223641590696
32,12,7.211102550927978,6.420404556512502,309.23727238999186,53.27889397727997,85.84238516973724
32,13,7.211102550927978,6.333306207717405,312.5066190467172,53.4973355449585,86.0670291270059
32,14,7.211102550927978,6.359845858713237,315.3400528158792,53.68642881052439,85.43674975019967
32,15,7.211102550927978,6.433717223138355,317.81930736389586,53.851712611386105,85.0194265237577
32,16,11.313708498984761,6.528338432454149,312.4342992824723,53.328654291995086,84.49881262495204
32,17,11.313708498984761,6.651576111996057,307.647625432318,52.863595958852386,84.0
32,18,11.313708498984761,6.628260758220055,303.36481198744315,52.447449571288345,83.5
32,19,11.313708498984761,6.544594072535528,299.51027988705573,52.0729220168259,83.0
32,20,8.94427190999916,6.446322832647002,298.87725232671846,52.61533582274496,82.4375
32,21,8.94427190999916,6.584926097665334,298.30177272641185,53.10885762075802,82.0
32,22,8.94427190999916,6.579986186114134,297.77633483047975,53.559748564409475,82.0
32,23,8.94427190999916,6.59360089414599,297.2946834258753,53.97325440706363,82.0
32,24,8.94427190999916,6.569107088707449,296.8515641336392,54.35380147552333,82.0
32,25,8.94427190999916,6.538306084691301,296.2322764461877,55.09535092025786,81.46634524496754
32,26,8.94427190999916,6.564280646308241,295.61298875873626,55.83660637271628,81.35182670150834
32,27,8.94427190999916,6.601827475598943,294.99370107128476,56.57732010290661,81.89639975999
32,28,8.94427190999916,6.699721222773914,294.37441338383326,57.31724546661804,81.50766196147077
32,29,8.94427190999916,6.702176859374026,293.75512569638175,58.05613739552222,81.0
32,30,8.94427190999916,6.643714306821189,293.1358380089303,58.79375287942376,81.0
32,31,8.94427190999916,6.589441027635632,293.1358380089303,58.79375287942376,81.0
32,32,10.0,6.82261152752574,291.92716996413134,58.3792899925451,81.0
32,33,10.0,6.866445290955428,290.7185019193324,57.96481697879956,80.51125065080147
32,34,10.0,6.83401560763778,289.5098338745335,57.55037721326408,79.94536099120941
32,35,10.0,6.760166672779782,285.5495088511676,57.42247632563458,80.208334165791
32,36,8.48528137423857,6.727688061627137,283.4171395600522,56.970442763747556,80.0
32,37,8.48528137423857,6.9060505935787395,281.2847702689367,56.51761843926769,79.43591444032205
32,38,8.48528137423857,7.0211073966934,279.1524009778213,56.06405798545725,79.0
32,39,8.48528137423857,7.045222877728039,277.0200316867058,55.6098165822973,78.9957733680553
32,40,8.48528137423857,7.0076992418238,274.8876623955904,55.15494991789661,78.5227336600411
32,41,8.48528137423857,6.967940606732606,277.90465132865296,55.15494991789661,78.0
32,42,8.48528137423857,6.8642642477305325,280.9216402617156,55.154949917896616,77.5394141893469
32,43,8.48528137423857,6.753560094769834,283.9386291947782,55.154949917896616,76.93475130897201
32,44,7.211102550927978,6.712109253792259,289.08798741895623,55.609816582297306,76.93810458251804
32,45,7.211102550927978,6.7079925989998745,291.8396443975232,55.3230008269095,77.0
32,46,7.211102550927978,6.783459981527252,294.59130137609014,55.03641337538602,77.05570987403486
32,47,7.211102550927978,6.722775228611695,297.34295835465707,54.75006827765407,77.05705937558838
32,48,7.211102550927978,6.557740568615449,300.09461533322406,54.46397951146744,76.21671539359622
32,49,10.770329614269007,6.3797043477852755,298.15354860309014,54.652452157188776,76.39899529189243
32,50,8.48528137423857,6.31773753823098,298.77283629054165,53.91150330907589,76.93223787185497
32,51,10.0,6.426608421109213,297.5641682457427,52.8498598561091,77.122478275024
32,52,10.0,6.635820713321256,296.35550020094377,51.78635978140556,76.59955359491437
32,53,8.48528137423857,6.734296292683981,296.97478788839527,51.04523127828535,76.05872084567426
32,54,8.48528137423857,6.780054431482844,297.5940755758468,50.30516382531521,75.92609409770222
32,55,10.0,6.7564859618358,296.3854075310478,49.242142476429194,74.56491645718593
32,56,10.0,6.78817593038319,295.1767394862489,48.17974741665599,73.59124350079924
32,57,10.0,6.800552432146138,295.1767394862489,47.52638069237292,72.79139715512545
32,58,8.48528137423857,6.846859728236183,297.0046952184993,47.19854774377527,72.05312458205289
32,59,8.48528137423857,6.901634999193452,298.8326509507497,46.87083700489144,71.58532123399527
32,60,8.48528137423857,6.826141006249358,300.66060668300014,46.54326983559068,70.96433970686434
32,61,8.48528137423857,6.81268312066679,300.66060668300014,46.54326983559068,70.99655318562029
32,62,8.48528137423857,6.807773547485802,300.66060668300014,46.54326983559068,70.49721109031202
32,63,8.48528137423857,6.807263565128314,300.66060668300014,46.54326983559068,69.99284361009072
32,64,8.48528137423857,6.7072977900883215,300.66060668300014,46.54326983559068,70.05941856826843
32,65,7.211102550927978,6.685661215350408,302.7929759741156,46.99800546955797,70.0
32,66,7.211102550927978,6.83145508988291,304.9253452652311,47.45320289401647,69.56494505633351
32,67,7.211102550927978,6.879953038013808,307.0577145563465,47.90880526994483,69.0
32,68,7.211102550927978,6.834533095028224,309.190083847462,48.36475545235585,69.03588774248969
32,69,10.0,6.846945871386455,305.2297588240961,48.237046993850086,68.99954669216335
32,70,10.0,6.8555005384353,301.26943380073027,48.10940319544505,68.56418314153855
32,71,10.0,6.763774040558834,297.3091087773644,47.98182527409304,68.00294421804912
32,72,10.0,6.712595371736561,293.34878375399853,47.85431444287762,68.00178360215823
32,73,10.0,6.671160640670853,289.38845873063264,47.72687191094869,67.99963075275365
32,74,10.0,6.599847514321089,290.12085741596763,47.13708078419075,67.42679714873577
32,75,10.198039027185569,6.54292811115869,288.0940478027922,48.438164067604625,67.9644613963932
32,76,10.198039027185569,6.494817027701875,287.8951939218672,50.080029418476265,68.00452290212765
32,77,11.313708498984761,6.605169361664379,286.7061607210551,50.405976923583246,67.49846577839534
32,78,11.313708498984761,6.636943336382534,283.68917178799245,50.40597692358324,67.0
32,79,11.313708498984761,6.607588413735831,280.6721828549299,50.40597692358324,67.01058498179019
32,80,8.94427190999916,6.756535196266837,281.8808508997288,51.47575193190252,66.54848262418743
32,81,8.94427190999916,7.0206952702962155,283.0895189445277,52.544605027646426,65.76822473547467
32,82,8.94427190999916,7.160544909830608,284.29818698932655,53.611794937492306,64.9983550832585
32,83,8.94427190999916,7.236956989150372,283.6788993018751,54.35645749093041,65.01738355177142
32,84,8.94427190999916,7.2896057572409525,283.0596116144236,55.10107309662642,64.02211295599025
32,85,8.94427190999916,7.236062884275937,282.44032392697216,55.84539034273477,63.02113821250801
32,86,8.94427190999916,7.1955429040242835,281.8210362395206,56.58915842138453,62.99880176058151
32,87,8.94427190999916,7.056493104927171,281.20174855206915,57.33212763449778,62.27076878771071
32,88,8.94427190999916,6.931768123556247,280.5824608646177,58.07404989401186,61.53260567877696
32,89,8.94427190999916,6.920516977755171,279.9631731771662,58.814679214014966,61.01864859146493
32,90,8.94427190999916,6.797712056840018,277.2115161985992,59.10260130320418,60.50758217286904
33,0,10.770329614269007,6.871405858132774,237.6900328666264,68.19859051364818,92.50421219115643
33,1,10.770329614269007,6.843544594663198,237.6900328666264,68.19859051364818,92.0
33,2,10.770329614269007,6.793147158383742,237.6900328666264,68.19859051364818,91.5
33,3,10.770329614269007,6.789132067120137,237.6900328666264,68.19859051364818,91.5
33,4,10.770329614269007,6.6835492714328995,237.6900328666264,68.19859051364818,91.0
33,5,10.0,6.584131676803489,240.741694055522,63.12312181718091,90.49525038135334
33,6,10.0,6.596833559782218,242.9214520475903,59.38708735239282,90.04311471126786
33,7,11.661903789690601,6.59219489587732,239.9960441644429,59.342041236751776,89.52878041007534
33,8,7.211102550927978,6.505696916899678,252.77516432218778,56.49011599600009,89.06230414445274
33,9,10.770329614269007,6.465326682524185,251.26665117663165,57.69110350182728,88.43254404275302
33,10,8.48528137423857,6.477587871167178,255.85140046114336,56.51018181424341,88.0619834051105
33,11,8.48528137423857,6.5287897140061375,259.6720248649031,55.528048234584915,87.08985181374632
33,12,8.48528137423857,6.43129154119035,262.90486089885366,54.69886207157583,87.04485434064131
33,13,10.0,6.381264504148025,262.4116565489355,54.58374320703735,86.59625499259994
33,14,8.48528137423857,6.4048250151185115,265.0308056660905,53.93092844926679,86.06095880124923
33,15,8.48528137423857,6.502013563053484,267.3225611436011,53.36078481257397,85.42633922499563
33,16,8.48528137423857,6.492332936652016,269.34469832963987,52.85863782311794,84.52483803657644
33,17,8.94427190999916,6.6469829202128965,270.28203181799176,53.457010747084475,84.0
33,18,8.94427190999916,6.812889018885763,271.1206986233592,53.991883381957585,83.89442601189701
33,19,8.94427190999916,6.8750150437942015,271.8754987481899,54.47277446472266,83.50737725943947
33,20,8.94427190999916,6.966587927728186,272.5584131468462,54.907404879498415,83.04982844436483
33,21,8.94427190999916,6.949870935796184,273.17924441835197,55.30209999881059,82.56300240119899
33,22,8.94427190999916,6.851141693576781,273.74609036190077,55.66208933453274,82.06325291521853
33,23,8.94427190999916,6.775661724947617,274.2656991434871,55.99173262867739,81.07806189650924
33,24,7.211102550927978,6.770025922396839,277.49539620111346,56.0047163564971,81.14609777043472
33,25,7.211102550927978,6.6877845673262435,282.18811990981425,55.52381397833855,81.0
33,26,8.48528137423857,6.616985963352733,284.7484743273996,54.58510925317566,80.92504362960044
33,27,7.211102550927978,6.531752525097393,289.44119803610045,54.10642689549534,81.01985663765312
33,28,7.211102550927978,6.449153175095539,294.1339217448013,53.6288869305381,80.50202041376252
33,29,7.211102550927978,6.404800557474887,298.82664545350207,53.152551373500415,80.0
33,30,7.211102550927978,6.424990756408339,302.78697047686796,53.931564069701054,80.0
33,31,12.806248474865697,6.479316779950947,300.54306708556453,54.00121261469313,80.0
33,32,12.806248474865697,6.569519593936261,299.75843613496477,53.18231607951976,79.49682889024336
33,33,12.806248474865697,6.515732848741051,293.5542077202955,53.37483111147767,79.0
33,34,12.806248474865697,6.364675685744711,292.0427030143271,52.191275167281965,78.8071061586433
33,35,12.806248474865697,6.289138691507755,287.97084389077327,51.93853543769222,78.09230380934356
33,36,11.661903789690601,6.398052297868831,284.68361571781935,52.50619434398522,77.11326211838346
33,37,11.661903789690601,6.520335357892339,281.3963875448654,53.07375744993229,76.52069589031434
33,38,10.0,6.583477944687508,281.3963875448654,53.073757449932295,75.65576263365153
33,39,10.0,6.673832432136464,279.56843181261496,53.402115010188794,74.56171676602818
33,40,10.0,6.757627774055292,277.74047608036454,53.73018738780979,74.0
33,41,10.0,6.834821586509662,275.9125203481141,54.05795347092511,74.0
33,42,10.0,6.874079283679666,274.7038523033152,53.64270744490008,73.49898609660086
33,43,10.0,6.911064428974719,273.4951842585163,53.227949317142446,72.96867993575215
33,44,10.0,6.903052353406076,272.2865162137174,52.813721615196535,73.36564306024246
33,45,10.0,6.846253553043354,271.0778481689184,52.40006653615361,73.37120434372991
33,46,10.0,6.847188037908171,269.8691801241195,51.98702592179324,73.81812684657271
33,47,10.0,6.884867604682135,268.6605120793206,51.57464123426877,74.88472052434935
33,48,10.0,6.853368208659531,267.4518440345217,51.16295353237047,74.90255126668121
33,49,10.0,6.72770899160507,263.4915190111558,51.03515053357407,75.43330937141528
33,50,7.211102550927978,6.7476716605856195,263.49151901115584,51.03515053357407,75.44533439823114
33,51,7.211102550927978,6.738716625021521,265.6238883022713,51.4898695467377,75.91246963436376
33,52,7.211102550927978,6.61639816803023,265.62388830227127,51.4898695467377,75.48347027480673
33,53,12.649110640673518,6.391229159002552,259.51899408893644,52.08935805748672,75.3772834987418
33,54,10.0,6.432906231574062,255.55866906557057,51.31110516607512,75.75065538746736
33,55,10.0,6.267358902856125,251.5983440422047,50.53110238433704,75.9190289321015
33,56,12.649110640673518,6.206226745700055,251.69767824353912,51.84196484834878,75.60282828884029
33,57,8.48528137423857,6.3537690783579155,255.76953736709288,52.09460590487174,75.0
33,58,8.48528137423857,6.700535521527002,259.8413964906467,52.34684412886496,74.9816563721682
33,59,8.48528137423857,6.8941280951534205,263.91325561420047,52.598670729479544,74.6769071635799
33,60,8.48528137423857,7.00750173826159,267.9851147377542,52.85007700814322,73.96281867549358
33,61,8.48528137423857,7.076277926238589,271.27234291070823,52.284649366980425,74.0
33,62,8.48528137423857,7.106186016036354,274.55957108366215,51.71916980877432,73.56243813396487
33,63,8.48528137423857,7.193883033733962,276.38752681591257,51.39135685264068,72.49641869580614
33,64,8.48528137423857,7.238420521486525,278.215482548163,51.06339144221245,71.9960862715964
33,65,8.48528137423857,7.250641463798036,280.0434382804134,50.73529497630929,71.55753682894277
33,66,8.48528137423857,7.198235934171596,281.8713940126638,50.40708890523161,70.59835436593175
33,67,8.48528137423857,7.0663915348875905,283.69934974491423,50.07879472238189,69.50324709593772
33,68,8.48528137423857,6.90026130963162,285.52730547716465,49.75043395584381,68.93537685533279
33,69,8.48528137423857,6.8342947361373385,287.35526120941506,49.42202815992719,68.02349593707035
33,70,8.94427190999916,6.830708279671634,288.563929254214,49.83358382778901,68.52358956975202
33,71,8.94427190999916,6.826861058231926,289.7725972990129,50.2460195884031,68.0
33,72,7.211102550927978,6.746672830036996,293.7329223223788,50.37446951529204,68.0
33,73,7.211102550927978,6.842872075586392,297.6932473457446,50.5029632224191,67.4375
33,74,7.211102550927978,6.878468420389424,301.6535723691105,50.63149943902353,67.0
33,75,7.211102550927978,6.839620743186746,301.65357236911046,50.63149943902353,67.0
33,76,7.211102550927978,6.849935410910237,301.65357236911046,50.63149943902353,67.0
33,77,7.211102550927978,6.828245226522898,301.6535723691105,50.63149943902353,66.5625
33,78,7.211102550927978,6.8214005026678475,307.75846658244535,50.032980047757704,66.0
33,79,7.211102550927978,6.848470039405699,311.7187916058112,50.813170814086206,65.4375
33,80,7.211102550927978,6.756691475960459,315.67911662917703,51.59179583190039,65.4375
33,81,7.211102550927978,6.605958977168182,321.78401084251186,50.99359669701521,65.0
33,82,7.211102550927978,6.327237409669079,323.91638013362734,51.44814948720601,65.0
33,83,8.94427190999916,6.304465195076406,323.29709244617584,52.18662963449107,65.0
33,84,8.94427190999916,6.49367975256762,322.6778047587244,52.92578538871987,64.56413309981583
33,85,8.94427190999916,6.613378914722324,322.0585170712729,53.66537138892823,64.0
33,86,8.94427190999916,6.607284383524441,321.4392293838214,54.40514141530469,63.9394427518489
33,87,10.0,6.592561317227495,319.61127365157097,54.086333503685694,64.28812378143031
33,88,10.0,6.634017778117099,317.78331791932055,53.7666944736391,64.00476513640359
33,89,10.0,6.6763574376895045,315.9553621870702,53.44624104360617,63.0
33,90,10.770329614269007,6.671652448092956,313.3950077694848,54.377774071943655,62.50130924923192
33,91,10.770329614269007,6.700209517381389,310.8346533518994,55.31048351164627,61.97545245432541
33,92,10.770329614269007,6.812813788647241,308.2742989343141,56.24387657963655,62.4491695323365
33,93,10.770329614269007,6.846231153587022,305.71394451672876,57.17745832031649,62.60154531923419
33,94,10.770329614269007,6.760831092346924,303.15359009914334,58.11073317765975,62.589323084758156
33,95,10.770329614269007,6.66961583063331,301.2125233690095,58.301978171079504,61.60526781802384
33,96,8.94427190999916,6.599957474389552,301.2125233690095,58.301978171079504,60.548709812366205
34,0,11.313708498984761,6.827000647393483,226.2741699796952,45.0,93.63746658928838
34,1,11.313708498984761,6.787166777173392,226.2741699796952,45.0,92.01499766341033
34,2,11.313708498984761,6.702285140198965,226.2741699796952,45.0,91.0
34,3,10.0,6.631443923163451,233.70562748477138,47.02996458907633,90.43338095406361
34,4,10.0,6.673940972881068,238.16450198781712,48.250728876217096,90.0
34,5,10.0,6.702097534183072,241.1370849898476,49.06505117707798,89.46400696318187
34,6,10.0,6.719478310548311,243.2603585627265,49.64672914646463,89.24134278265565
34,7,8.94427190999916,6.737579986351455,248.62990138238234,51.36304179298738,89.46651553022033
34,8,8.94427190999916,6.761470696844186,252.80621246433688,52.703845418840636,89.0
34,9,8.94427190999916,6.837883375028872,256.1472613299005,53.77913254335879,88.99576003396382
34,10,8.94427190999916,6.814191860809711,258.88084676536164,54.66008978797865,88.55352837602771
34,11,8.94427190999916,6.744489251068771,261.1588346282459,55.394707019701876,88.0433416367056
34,12,8.48528137423857,6.664673927078704,264.27730068040086,54.59226641904951,87.42176478483269
34,13,8.48528137423857,6.8322832504754,266.950271582248,53.903910218932666,87.0
34,14,8.48528137423857,6.958734395712475,269.2668463638488,53.307086367704464,86.57092438231285
34,15,8.48528137423857,6.959155247737218,271.2938492977495,52.784783412696534,86.0
34,16,8.48528137423857,6.966286073224509,273.08238129825014,52.32393692377132,85.43379007939879
34,17,8.48528137423857,6.915810117634581,274.67218752091736,51.91435315258921,85.0
34,18,8.48528137423857,6.833361313676088,276.09464572014593,51.547965075405095,84.5378315633248
34,19,7.211102550927978,6.880144298867546,280.040319713346,50.65965984787459,83.98195631542188
34,20,7.211102550927978,6.950093341710419,283.61021523100317,49.853287736173726,84.04266956058609
34,21,7.211102550927978,6.930812072028493,286.8555747925097,49.11829236052452,83.59958655442918
34,22,8.94427190999916,6.858507973076733,286.82779767631246,49.74324250966418,82.45648087293887
34,23,10.0,6.981628875876258,285.5433061064661,49.886248300003174,82.50421874714729
34,24,10.0,7.1316942278652755,284.3615738622074,50.01767827630831,82.0
34,25,10.0,7.232962289544723,285.55060706301964,50.34690120390177,82.0247459801655
34,26,10.0,7.292040322140231,286.7396402638318,50.676039494912715,81.71435537237066
34,27,10.0,7.27189390118617,287.928673464644,51.005071468773544,81.12680554995288
34,28,10.0,7.21181891028969,287.928673464644,51.005071468773544,80.15814438281282
34,29,10.0,7.161641174342352,287.928673464644,51.005071468773544,79.91762491400725
34,30,10.0,7.056794866589092,287.928673464644,51.005071468773544,80.0
34,31,8.94427190999916,7.0799991318118245,289.13734150944293,51.41908273642789,79.48398972043736
34,32,8.94427190999916,7.160885444337964,289.13734150944293,51.41908273642789,79.0
34,33,8.94427190999916,7.188983187957318,289.13734150944293,51.41908273642788,78.98447700963584
34,34,8.94427190999916,7.119462635263709,289.13734150944293,51.41908273642788,79.04961873113342
34,35,8.94427190999916,7.044936019075165,289.13734150944293,51.41908273642789,78.69276163219598
34,36,8.94427190999916,6.973195576177858,289.13734150944293,51.41908273642789,77.91745647355253
34,37,11.313708498984761,6.883297861546971,286.12035257638036,51.41908273642788,77.99537304358552
34,38,11.313708498984761,6.785034515469601,283.1033636433178,51.41908273642789,77.6055270254292
34,39,11.313708498984761,6.601472018749819,280.08637471025514,51.41908273642789,76.68597758960475
34,40,8.48528137423857,6.54853579247822,280.08637471025514,51.41908273642788,75.58342499404861
34,41,8.48528137423857,6.594985883413319,280.08637471025514,51.41908273642789,74.11071117472389
34,42,8.48528137423857,6.5846017390975256,280.08637471025514,51.41908273642788,73.312922097409
34,43,10.0,6.568450770427025,278.2584189780047,51.74817877527784,72.45148089462208
34,44,10.0,6.448828583787308,274.2980939546389,52.522755120658104,71.9805734762423
34,45,10.198039027185569,6.349706915374177,270.13891505034803,54.2964489294402,71.92814167431948
34,46,10.198039027185569,6.461223790785612,265.9797361460571,56.073779738261976,71.82626226343058
34,47,10.198039027185569,6.398422496672503,264.57221422033325,56.67114115846508,71.14897576972002
34,48,10.0,6.400904204143604,264.57221422033325,56.67114115846508,69.26076575242588
34,49,10.0,6.438308063371369,264.57221422033325,56.67114115846509,68.53028564902971
34,50,8.48528137423857,6.428602331439927,266.40016995258367,56.34353587796992,67.3978885040056
34,51,8.48528137423857,6.4024517038668005,268.2281256848341,56.01545141325723,67.57114923511122
34,52,11.313708498984761,6.555264765325699,267.0390924840219,55.68690827310037,68.09389396309713
34,53,11.313708498984761,6.672003577193879,265.8500592832097,55.35792714429383,68.53753550574275
34,54,11.313708498984761,6.649246898242975,264.6610260823975,55.02852888432824,70.01567103182899
34,55,11.313708498984761,6.532625015816589,263.4719928815853,54.698734513902096,70.52382433709784
34,56,8.94427190999916,6.347311891707136,263.4719928815853,53.23465433470697,71.29904418275311
34,57,8.94427190999916,6.3261952897863765,263.4719928815853,51.759667473798885,71.94830659163864
34,58,10.0,6.2867525025820665,262.26332483678635,50.67696337219173,72.372736906706
34,59,10.0,6.451327072118193,261.0546567919875,49.59388456193402,72.45161759863352
34,60,10.0,6.472457467211492,259.8459887471885,48.51120473994612,71.94657742869575
34,61,10.0,6.414311607979873,258.6373207023896,47.429695895107436,71.97064202734775
34,62,10.0,6.300333781823648,259.82635390320183,47.09781238935762,71.47747322223353
34,63,12.165525060596439,6.219702670618946,259.1926152540483,48.491515591937194,71.0
34,64,10.198039027185569,6.303494831512745,260.18279457393555,49.83592121899549,71.0
34,65,10.770329614269007,6.3160447918138365,257.6224401563502,50.7896860191458,71.00436510757334
34,66,12.165525060596439,6.301444231153923,253.97171257413405,52.222912612171655,70.97295280716119
34,67,12.165525060596439,6.342146844026171,250.32098499191795,53.66961065494103,71.5108456800594
34,68,12.165525060596439,6.487705423932124,248.49821314195222,54.78673900810972,71.0
34,69,12.165525060596439,6.510057038955395,246.6754412919865,55.91324116038519,71.0
34,70,12.165525060596439,6.397107494612177,245.0515233229458,55.98505651712668,71.0
34,71,8.48528137423857,6.5335141381103865,247.0783329361212,54.58653771936323,71.0
34,72,8.48528137423857,6.619709436634516,249.10514254929657,53.196659103968784,70.0
34,73,8.48528137423857,6.672961528858583,250.933098281547,52.85469154360672,69.49641123885519
34,74,8.48528137423857,6.672535711302693,252.7610540137974,52.512453385070636,69.0
34,75,8.48528137423857,6.669379578372311,252.7610540137974,52.51245338507064,68.49559063911668
34,76,8.48528137423857,6.663124053448627,252.7610540137974,52.51245338507065,68.0
34,77,8.48528137423857,6.542835260784127,255.77804294686,52.51245338507065,67.45909380802861
34,78,8.48528137423857,6.43776588140063,258.7950318799226,52.51245338507065,67.0
34,79,10.0,6.432054651599365,259.9840650807348,52.85469154360673,65.93511133855091
34,80,10.0,6.497654034330894,261.17309828154697,53.19665910396878,66.00051066075184
34,81,10.0,6.565559868205608,259.96443023674806,54.27245288131846,65.99613828655083
34,82,10.0,6.543819791501571,258.75576219194915,55.337955981573856,65.5848530928577
34,83,11.313708498984761,6.654779823152542,257.5667289911369,55.66623714078892,65.0
34,84,11.313708498984761,6.738601441361731,256.37769579032476,55.99353218800379,64.50403350143259
34,85,8.94427190999916,6.751223097890353,257.5863638351237,57.08240312768632,64.0
34,86,8.94427190999916,6.769217555581848,258.7950318799226,58.16626748866409,64.021050901365
34,87,8.94427190999916,6.695467432733661,260.0036999247215,59.24438986358031,63.76819287295897
34,88,8.94427190999916,6.641207791364778,263.0351398194862,58.55903349838245,62.93571989794564
34,89,8.94427190999916,6.6078486691805995,264.44266174521005,57.94816672964793,63.00036307164184
34,90,8.94427190999916,6.571922587116059,266.3837284753439,57.75419821231936,63.0
34,91,8.94427190999916,6.403137005692354,269.4151683701086,57.07715792836982,63.0
34,92,12.806248474865697,6.422559382164122,268.9940368287709,55.91123100459585,62.5
34,93,12.806248474865697,6.255099251259934,268.57290528743323,54.75363363570946,62.0
34,94,8.94427190999916,6.176415990316583,271.60434518219785,52.637141248861305,62.0
34,95,8.94427190999916,6.149295642612039,274.6357850769625,50.52314000399016,62.0
34,96,8.94427190999916,6.162890347944665,274.01649738951096,49.79917520665618,61.0
34,97,15.620499351813308,6.164852644153908,268.50402990982485,49.58906937365646,60.46037668533925
35,0,11.313708498984761,6.779125095181498,226.2741699796952,45.0,95.62072375048231
35,1,11.313708498984761,6.81041365998601,226.2741699796952,45.0,93.86944371724462
35,2,11.313708498984761,6.766431596446071,226.2741699796952,45.0,93.0357084194601
35,3,11.313708498984761,6.669128270039248,226.2741699796952,45.0,92.53395437209966
35,4,11.313708498984761,6.632975867898126,226.2741699796952,45.0,92.03201702900421
35,5,11.313708498984761,6.569391049467804,226.2741699796952,45.0,91.48331517186205
35,6,11.661903789690601,6.478352499877867,225.30902983722606,46.99288081888129,91.06326672231232
35,7,11.661903789690601,6.495591225397333,224.5851747303742,48.495849192702536,89.87074690811272
35,8,10.0,6.448154311976317,228.07571087144373,47.2037470713446,88.72172474682111
35,9,10.0,6.517343998280148,230.86813978429936,46.16784497782572,88.11280190809967
35,10,10.0,6.613678824840663,233.15285434936305,45.319332370016205,87.34157216652711
35,11,8.48528137423857,6.750358128045267,238.86502426243783,45.29252103602297,86.228131368704
35,12,8.48528137423857,6.84761724143941,243.6983988042703,45.26986313487563,85.44846698416356
35,13,8.48528137423857,6.898180489157823,247.84129126869817,45.25046292105291,85.00391485255905
35,14,8.48528137423857,6.909947679061875,251.4317980712023,45.233664946411075,84.46645830238137
35,15,8.48528137423857,6.845498057011856,254.57349152339344,45.218978545761,83.46892223700642
35,16,8.48528137423857,6.866635381999053,257.34557398120916,45.206029115229676,82.96776600910962
35,17,8.48528137423857,6.841668336739054,259.8096472770453,45.19452571212,82.34379735684298
35,18,8.48528137423857,6.704048545692204,262.0143444364777,45.18423893471783,82.79197464886835
35,19,8.48528137423857,6.5581562561391324,263.9985718799668,45.1749854679362,82.49407240394405
35,20,8.94427190999916,6.421428008023097,265.0565780342528,46.035540951417964,81.93426684772123
35,21,14.142135623730951,6.447703638728735,261.2367033955939,45.988176507991334,82.28545802723316
35,22,12.806248474865697,6.536320665145032,258.56999521393396,45.66839181247715,82.06703920446321
35,23,8.94427190999916,6.547641144533918,259.72194129335224,46.40273755782289,81.79734335110933
35,24,8.94427190999916,6.615435240998243,260.7817316864171,47.08038401240993,82.03152394078444
35,25,8.94427190999916,6.630629741456923,263.1794329320282,47.81693148643268,81.5665594589508
35,26,8.94427190999916,6.713071042346504,265.5771341776393,48.55560928208392,81.0
35,27,8.48528137423857,6.839720124374856,268.59412311070196,48.55560928208392,80.41504610208344
35,28,8.48528137423857,6.985169001934703,271.61111204376454,48.555609282083914,79.93549790330911
35,29,8.48528137423857,7.1240186486819495,274.62810097682717,48.555609282083914,80.14473418049974
35,30,8.48528137423857,7.213902157770663,277.64508990988975,48.55560928208392,80.0
35,31,8.48528137423857,7.259516472184806,280.9323180828437,47.990036166393956,79.43595558307612
35,32,8.48528137423857,7.24052758566104,284.2195462557977,47.425248213746485,79.0
35,33,8.48528137423857,7.160931229354542,286.0475019880481,47.75141624927308,78.82642281592798
35,34,8.48528137423857,7.145543764188987,287.8754577202985,48.07714099541652,78.00212168431695
35,35,8.48528137423857,7.070402396291215,289.70341345254894,48.402402345358134,78.0
35,36,8.48528137423857,7.029616589515278,289.70341345254894,48.402402345358134,77.99539406839052
35,37,8.48528137423857,7.0311874462930275,289.70341345254894,48.40240234535814,78.0
35,38,8.48528137423857,7.019615256916398,289.70341345254894,48.402402345358134,77.5
35,39,8.48528137423857,7.049725368806757,289.70341345254894,48.402402345358134,77.0
35,40,8.48528137423857,7.146410160745281,289.70341345254894,48.402402345358134,77.0
35,41,8.48528137423857,7.133320954617833,289.70341345254894,48.402402345358134,77.06799910670345
35,42,8.48528137423857,7.116797974359743,289.70341345254894,48.40240234535814,77.0
35,43,8.48528137423857,7.140806679295976,289.70341345254894,48.402402345358134,76.97166852167874
35,44,8.48528137423857,7.0981714763500126,289.70341345254894,48.40240234535814,77.0674733834061
35,45,8.48528137423857,7.098246469406963,290.3227011400004,47.66650787103854,76.51394823364592
35,46,8.48528137423857,6.985230739688195,295.1498834329006,47.66650787103855,76.0045782022471
35,47,8.48528137423857,6.7851537864472204,299.22174255645433,47.920430323357785,76.0
35,48,10.0,6.707670266514671,298.0130745116554,46.861669559029636,76.0822975516405
35,49,8.48528137423857,6.700470267364193,298.6323621991069,46.130316177324254,75.99733907415424
35,50,8.48528137423857,6.658576098446789,299.2516498865584,45.40160603706092,75.45500986080006
35,51,8.48528137423857,6.6217417773151945,299.8709375740099,44.67575923475839,74.94016009816636
35,52,8.48528137423857,6.473417297193967,299.8709375740099,44.67575923475837,75.17403505712718
35,53,10.0,6.569647532337871,298.04298184175946,45.0,74.4956384644562
35,54,10.0,6.628472898967658,296.21502610950904,45.32450177717449,74.0
35,55,10.0,6.6661559925450895,294.3870703772586,45.0,73.49498136753272
35,56,10.0,6.710743073705509,292.5591146450082,44.675236790332434,73.0
35,57,10.0,6.798127639494069,290.7311589127578,44.35023272422169,72.91376074156175
35,58,10.0,6.940094706129598,288.90320318050743,44.02500847023952,73.06947262882504
35,59,10.0,6.991385242421688,287.075247448257,43.69958478172038,72.0
35,60,10.0,6.970681725717299,285.2472917160066,43.37398248892157,71.50014213165005
35,61,10.0,6.9260795520225695,283.4193359837562,43.048222491109065,71.0
35,62,10.0,6.910682525714218,281.59138025150577,42.7223257485772,70.0
35,63,10.0,6.869057750342524,279.76342451925535,42.39631327460935,69.5
35,64,10.0,6.82125805440438,277.93546878700494,42.07020612738732,69.0
35,65,10.0,6.745375534527112,276.1075130547545,41.744025401857456,68.0
35,66,10.0,6.747358906890688,274.2795573225041,41.41779222156086,67.42331814738044
35,67,10.0,6.767367984878105,272.4516015902537,41.09152773043598,67.00205702310122
35,68,10.0,6.808511721853436,270.6236458580033,40.76525308460138,66.12073574978923
35,69,10.0,6.8187654055806375,268.79569012575286,40.43898944412662,65.98781327759067
35,70,10.0,6.770571443137157,266.9677343935025,40.11275796479929,66.05492059612294
35,71,10.0,6.680286225461679,265.1397786612521,39.786579789896265,65.18285495333416
35,72,10.0,6.554129277475536,263.31182292900166,39.460476041967084,63.99196528937401
35,73,7.211102550927978,6.392428648532445,267.2721479523675,40.232543413648266,64.0
35,74,8.94427190999916,6.3506636862756185,266.652860264916,40.95105239154465,63.433326358041505
35,75,8.94427190999916,6.388114431104778,266.0335725774645,41.67383518084787,63.34782308737644
35,76,8.94427190999916,6.3511619528980265,265.41428489001305,42.40069799226853,63.439315441234356
35,77,8.94427190999916,6.431596209189847,264.79499720256155,43.131439592419504,63.50579817543912
35,78,8.94427190999916,6.448147913208239,266.00366524736046,43.53620357948775,63.0
35,79,8.94427190999916,6.395266153966112,267.21233329215937,43.94247842328255,62.4002513423621
35,80,14.142135623730951,6.274233062991927,264.21310673150964,44.27353493995406,62.43505496715152
35,81,10.0,6.302968934995589,264.21310673150964,44.27353493995406,61.99749702292466
35,82,10.770329614269007,6.346837745781419,263.4807080461747,45.52686000425631,62.05373467710309
35,83,10.0,6.376406869291716,263.4807080461747,45.5268600042563,61.35806730039664
35,84,10.0,6.4171314057978295,263.4807080461747,45.5268600042563,61.0
35,85,10.770329614269007,6.380396147452942,262.74830936083976,46.78696012209233,60.56652714652384
35,86,10.0,6.238765889235782,262.74830936083976,46.78696012209232,60.0
36,0,8.94427190999916,6.679540706541784,286.2167011199731,63.43494882292201,94.80111876977497
36,1,10.0,6.652384616625096,271.10835055998655,58.28252558853898,94.16389635835897
36,2,10.0,6.515058383206832,266.0722337066577,56.56092482435098,94.02057559076124
36,3,8.94427190999916,6.359787388956923,271.10835055998655,58.28252558853898,92.93250001677933
36,4,7.211102550927978,6.305862825828115,287.88830556481855,57.886764950905246,92.84687964756446
36,5,7.211102550927978,6.535300314311236,299.0749422347066,57.62324726639365,91.97267275303625
36,6,7.211102550927978,6.598303666338606,307.06539699891226,57.43518548439004,91.53721780979593
36,7,8.48528137423857,6.5240836221100675,306.3945840373308,55.88546586091532,91.0
36,8,8.48528137423857,6.604502341966433,305.8728406227674,54.67592318223397,90.43490657754198
36,9,8.48528137423857,6.658328825296291,305.4554458911167,53.706427667329876,90.0
36,10,8.48528137423857,6.652325981181935,305.11394111067517,52.91239308829361,89.5
36,11,8.48528137423857,6.699268222855543,304.8293537936406,52.25037675003066,89.0
36,12,8.48528137423857,6.809394744771063,304.5885491407652,51.69012132721012,88.5
36,13,8.48528137423857,6.917164103174846,304.3821451525863,51.20992473722634,87.5
36,14,8.48528137423857,6.997636133054902,304.20326169616453,50.79382620531446,87.0
36,15,8.48528137423857,7.134170443693473,304.04673867179554,50.429831042881666,86.5
36,16,8.48528137423857,7.221219718046079,303.9086301208817,50.108753985580414,86.0
36,17,8.48528137423857,7.23899386276393,303.78586696451384,49.82344405561051,85.5
36,18,8.48528137423857,7.2374866469082475,303.6760262456584,49.568252098934344,85.0
36,19,8.48528137423857,7.276766367016968,303.5771695986885,49.33865692823159,84.50022682635223
36,20,8.48528137423857,7.279053136442232,303.4877278704776,49.130997657067006,83.50435545249425
36,21,8.48528137423857,7.275514274891237,303.40641720846776,48.942278681940934,83.0
36,22,8.48528137423857,7.197312452809223,303.33217703880655,48.770025337309555,82.47905629109071
36,23,8.48528137423857,7.153829958654504,303.26412354995045,48.612175520381406,82.0
36,24,8.48528137423857,7.078633333472245,303.20151434020283,48.466997258108826,81.48585678174106
36,25,8.48528137423857,6.974862351912714,303.82080202765434,47.7334772592318,80.99617220444667
36,26,8.48528137423857,6.882449570317545,305.64875775990475,47.40735812981886,79.93376300900213
36,27,8.94427190999916,6.90987246037077,306.8574258047037,47.81373519456786,79.4828897632305
36,28,8.94427190999916,6.895597367136211,306.85742580470367,47.81373519456786,79.53090086018
36,29,8.94427190999916,6.941941623480209,304.10576882613674,48.094024046568,79.0
36,30,8.94427190999916,7.012369907666791,301.3541118475698,48.374885886574745,78.88092522471464
36,31,8.94427190999916,7.079829421786122,298.6024548690029,48.65630893476978,79.06675104072697
36,32,8.94427190999916,7.102424990457901,297.9831671815514,49.39403253299737,78.99627307470263
36,33,8.94427190999916,7.145467472849437,297.3638794940999,50.133362619082796,78.93275409844486
36,34,8.94427190999916,7.1160133128201855,296.7445918066484,50.874057515683546,78.17273822239224
36,35,8.94427190999916,7.084409083369915,296.1253041191969,51.615872828840125,78.43458083353343
36,36,8.94427190999916,7.0265339751659415,295.5060164317454,52.358561923158355,78.58698248362805
36,37,8.94427190999916,6.989522936051025,294.8867287442939,53.101876408141536,77.96102801017986
36,38,8.94427190999916,7.010586109330877,294.2674410568424,53.84556663330416,77.77103990875202
36,39,8.94427190999916,7.012069380627178,293.64815336939097,54.58938218961785,77.80659510577661
36,40,8.94427190999916,7.033060574686493,293.02886568193946,55.333072414780474,78.03005135387467
36,41,8.94427190999916,7.061251546858871,292.409577994488,56.076386899763655,77.41094168867906
36,42,8.94427190999916,7.101880028644383,291.79029030703646,56.81907599408189,77.26048113296407
36,43,8.94427190999916,7.110526843112594,291.171002619585,57.56089130723846,78.06742862546558
36,44,8.94427190999916,7.07615017453863,290.5517149321335,58.301586203839214,77.94875520138336
36,45,8.94427190999916,6.962585262599322,289.93242724468206,59.04091628992463,77.20647842164095
36,46,8.48528137423857,6.985507848815294,289.93242724468206,59.04091628992463,76.98840786716468
36,47,8.48528137423857,7.035539667367943,289.93242724468206,59.04091628992463,77.0
36,48,8.48528137423857,7.008567299348034,289.93242724468206,59.04091628992463,77.10046752342465
36,49,8.48528137423857,6.988381823949051,289.93242724468206,59.04091628992463,77.02667690453865
36,50,8.48528137423857,6.994988583253332,289.93242724468206,59.04091628992463,76.49850349232482
36,51,8.48528137423857,6.954549074218371,289.93242724468206,59.04091628992463,75.95600714637243
36,52,8.48528137423857,6.951335654569251,290.5517149321335,58.301586203839214,75.91287318147386
36,53,8.48528137423857,6.89007029382528,291.171002619585,57.56089130723846,76.08260894556108
36,54,8.48528137423857,6.8331250546795586,291.79029030703646,56.81907599408189,76.02526315129086
36,55,8.48528137423857,6.803217062204753,292.409577994488,56.076386899763655,75.46551269173654
36,56,8.48528137423857,6.697560305831735,293.02886568193946,55.333072414780474,75.29185856440978
36,57,8.48528137423857,6.687748976199042,293.64815336939097,54.58938218961785,75.42233176903346
36,58,10.0,6.616881627360738,292.439485324592,53.52430424034135,75.0
36,59,10.0,6.598340396322349,291.23081727979314,52.456888403334595,74.99733907415424
36,60,10.0,6.5708268893985595,290.0221492349942,51.38786984609973,74.49594846424134
36,61,10.0,6.6269954166790646,288.81348119019526,50.97309361684116,74.0
36,62,10.0,6.700123520264201,287.60481314539635,50.559086248451045,73.52020803150438
36,63,10.0,6.746301924895634,286.39614510059744,50.14588871299837,72.97749383134834
36,64,10.0,6.769564823241391,285.18747705579847,49.73354148554419,73.02802849995521
36,65,10.0,6.775805133513154,283.97880901099956,48.66819639924118,72.64198267871961
36,66,10.0,6.797462216008035,282.77014096620064,47.60387671590443,72.0
36,67,10.0,6.858658408988082,281.56147292140173,46.54131390683516,71.54711701673108
36,68,10.0,6.897470662676518,280.35280487660276,45.481232203201344,71.0
36,69,10.0,6.921607005357902,279.1441368318039,44.424345672483625,70.0
36,70,10.0,6.8620731140151126,277.93546878700494,43.371355398278205,69.5
36,71,10.0,6.803320851936253,276.1075130547545,43.04506855691624,69.0
36,72,10.0,6.738055625855705,274.2795573225041,42.71864473309673,68.43442040783326
36,73,10.0,6.732151032361154,272.4516015902537,42.392105042479535,68.03198296747651
36,74,10.0,6.8443017535172075,270.6236458580033,42.0654706458212,67.67462839868863
36,75,10.0,6.897601473500794,268.79569012575286,41.738762740774625,67.06817797625774
36,76,10.0,6.878768052774895,266.9677343935025,41.412002553652876,66.59481514724688
36,77,10.0,6.886818047016917,265.1397786612521,41.08521133116496,66.0
36,78,10.0,6.8737775377058155,263.31182292900166,40.758410332131895,65.47891637950161
36,79,10.0,6.857168153952347,261.48386719675125,40.43162081919088,64.50311108229731
36,80,10.0,6.683619581746728,259.65591146450083,40.10486405049566,63.933234488067015
36,81,10.0,6.502877303826297,257.8279557322504,39.778161271421396,64.050913744515
36,82,10.0,6.334692226969245,256.0,39.451533706281936,63.530605285389626
36,83,8.94427190999916,6.254177811721225,257.2086680447989,40.49540497544117,63.0
36,84,8.94427190999916,6.395809736321098,258.4173360895978,41.54578824067097,63.055135502255894
36,85,8.94427190999916,6.513304263959974,259.62600413439674,42.60203241700342,63.066892195415136
36,86,8.94427190999916,6.489125729033224,260.8346721791957,43.00482202301851,62.99546294349461
36,87,8.94427190999916,6.5377871471888716,262.0433402239946,43.40916448183164,62.52207828662776
36,88,8.94427190999916,6.519179335100978,263.25200826879353,43.81502828608233,62.32419227690865
36,89,8.94427190999916,6.409571042514018,264.46067631359244,44.22238108026457,62.0
36,90,14.142135623730951,6.304854060351997,261.4614497529427,44.553796696783564,61.48914314589911
36,91,14.142135623730951,6.2577635134122,258.4622231922929,44.88497001154278,61.0
36,92,10.770329614269007,6.392060859151426,257.729824506958,46.14109334150586,60.41941902724635
36,93,10.770329614269007,6.366270734305258,256.9974258216231,47.40341736863467,60.00149024639188
37,0,8.94427190999916,6.648851228448435,286.2167011199731,63.43494882292201,94.44555540737284
37,1,8.94427190999916,6.5977547077338805,286.2167011199731,63.43494882292201,94.0
37,2,7.211102550927978,6.562660698897823,309.1471759413643,61.06130540522615,93.5
37,3,7.211102550927978,6.62453515094922,320.6124133520599,59.8724406484711,93.0
37,4,7.211102550927978,6.5890830320095315,327.49155579847724,59.159056271011586,92.5
37,5,8.94427190999916,6.541996421202284,320.6124133520599,59.8724406484711,92.0
37,6,8.94427190999916,6.694380980464371,315.69874017604747,60.38201381535263,92.0
37,7,8.94427190999916,6.731982127623311,312.0134852940382,60.764145202347336,91.5
37,8,8.94427190999916,6.7679617261847715,309.14717594136425,61.06130540522615,91.0
37,9,8.94427190999916,6.828223716080236,306.8541284592252,61.298988287023484,91.0
37,10,8.94427190999916,6.947909194893515,304.97799870111135,61.49341994805565,90.5
37,11,8.94427190999916,6.997245977635892,303.4145572360165,61.65541800122825,90.0
37,12,8.94427190999916,7.02537390508676,302.09164522709005,61.792471111419346,89.5
37,13,8.94427190999916,7.051010613400688,300.9577206480103,61.90992777341376,89.5
37,14,8.94427190999916,6.983173765878784,299.9749860128078,62.01170972632251,89.0
37,15,8.94427190999916,6.940076880588128,299.11509320700566,62.100757877610434,88.5
37,16,8.94427190999916,6.8859871506939205,298.3563642607096,62.17932084658443,88.0
37,17,8.94427190999916,6.828808671877025,297.68193853066873,62.24914732047847,88.0
37,18,8.48528137423857,6.748611676954329,297.89335720306826,61.351986402042456,87.5
37,19,8.48528137423857,6.8663087717813145,298.0836340082279,60.54134353656164,87.0
37,20,8.48528137423857,6.911946810066496,298.25578921289605,59.80556172080291,86.5
37,21,8.48528137423857,6.983416747290771,298.4122939444126,59.134941141456515,85.56671501322757
37,22,8.48528137423857,6.960914864931025,298.5551895688408,58.52135442209758,85.0
37,23,8.48528137423857,7.006110816795028,298.6861772245666,57.95794697571255,84.53209644063477
37,24,8.48528137423857,7.067862725962713,298.80668586783435,57.43890187633685,84.04050123541157
37,25,8.48528137423857,7.083248634161818,299.4259735552858,56.698029411529454,83.4974998103254
37,26,8.48528137423857,7.062829726621678,300.0452612427373,55.956326035682494,83.0
37,27,8.48528137423857,7.060912160536369,297.9128919516219,55.50127291898821,82.50615517287525
37,28,8.48528137423857,6.9870023292466845,295.7805226605064,55.045606134414825,81.58066139269692
37,29,10.0,7.0419660251466,291.82019763714055,54.269079558025346,82.06515220452044
37,30,10.0,7.125208302892483,290.61152959234164,53.20223524137176,81.5544108987583
37,31,10.0,7.207122802224886,289.4028615475427,52.13327020878896,80.43133090459852
37,32,10.0,7.237339222021101,288.19419350274376,51.06292400966387,80.0
37,33,10.0,7.305715522222926,286.98552545794485,49.991941956368244,80.01597576195672
37,34,10.0,7.311377225689696,285.77685741314593,48.92107202190957,80.06694721351602
37,35,10.0,7.257582696682551,284.568189368347,47.85106170980718,79.0
37,36,10.0,7.119135815957941,283.35952132354805,46.78265492887465,78.46265353999286
37,37,10.0,6.95637224736451,282.15085327874914,45.71658890549394,77.99622019238257
37,38,10.0,6.782428809689989,280.9421852339502,44.65359116523937,77.78441269919381
37,39,8.94427190999916,6.700004251741359,280.9421852339502,44.653591165239376,77.10774857099395
37,40,8.94427190999916,6.783024074582595,280.9421852339502,44.653591165239376,77.0345598767291
37,41,8.94427190999916,6.880920071597548,280.9421852339502,44.65359116523937,76.7779557522444
37,42,8.94427190999916,6.9482157839114835,280.9421852339502,44.65359116523937,75.91416549796584
37,43,8.94427190999916,7.01922966478454,280.3228975464987,45.38810215614364,76.0
37,44,8.94427190999916,7.073478783096394,279.7036098590472,46.125549966263094,75.4767439700124
37,45,8.94427190999916,7.121266687254235,279.0843221715957,46.86570652293604,75.54696721890477
37,46,8.94427190999916,7.157665571680327,278.46503448414427,47.60833846096308,75.0
37,47,8.94427190999916,7.190138725400787,277.84574679669277,48.3532075268829,74.45679785082596
37,48,8.94427190999916,7.134338084814885,277.2264591092413,49.10007100680905,74.0
37,49,8.94427190999916,7.016066824960738,276.6071714217898,49.84868217607428,74.0
37,50,7.211102550927978,7.063499636885893,278.73954071290524,50.311023882893394,74.0
37,51,7.211102550927978,7.0960804617616,280.8719100040207,50.773410385213666,74.0
37,52,7.211102550927978,7.102722727160415,283.00427929513614,51.23578146039692,73.48027663664413
37,53,7.211102550927978,7.030799712725898,285.1366485862516,51.69807689785874,72.93526835913138
37,54,7.211102550927978,6.900914473372535,289.09697360961746,52.48603745119505,73.46133277476383
37,55,7.211102550927978,6.824471746951083,293.05729863298336,53.271766293704154,73.53294624020648
37,56,10.0,6.74032472666651,293.05729863298336,53.925403808158606,72.95914992754214
37,57,8.94427190999916,6.745864283249138,294.2659666777823,54.99467458434116,72.7202109847212
37,58,8.94427190999916,6.808091222547863,295.4746347225812,56.0605754217736,72.82305913218907
37,59,8.94427190999916,6.786099464013779,296.6833027673801,57.12238841386968,72.8824357855679
37,60,8.94427190999916,6.776103142951841,297.89197081217907,58.179412366340664,73.39873229751291
37,61,10.198039027185569,6.714969324594903,297.69311693125405,59.83271188962496,73.27001797436958
37,62,8.94427190999916,6.7456003343635755,298.90178497605297,60.87835312504547,73.58003113653243
37,63,8.94427190999916,6.711413181177174,300.11045302085193,61.91681541922425,73.5583565681341
37,64,8.94427190999916,6.59897481579511,300.11045302085193,61.91681541922425,73.83330940983706
37,65,8.94427190999916,6.529908387999323,300.11045302085193,61.91681541922425,73.43758626567316
37,66,10.198039027185569,6.439486231963787,298.70293109512806,62.52063031677409,73.83902722106454
37,67,10.0,6.496141709910963,297.4942630503291,62.107762198786524,74.0674733834061
37,68,10.0,6.591543023963447,296.2855950055302,61.69449586102552,73.68862890404314
37,69,10.0,6.685728897787107,295.07692696073127,61.28087378550512,73.84466353806692
37,70,10.0,6.6930971104307275,293.86825891593236,60.866938675690925,73.58677405806614
37,71,10.0,6.669641827866584,292.6595908711334,60.45273343039056,72.99733907415424
37,72,10.0,6.680469216073886,291.4509228263345,60.03830111734084,72.51881963254397
37,73,10.0,6.651124743274229,290.24225478153556,59.623684946531476,72.0
37,74,10.0,6.5849252346358575,289.03358673673665,58.57385203108735,71.50028859122612
37,75,10.0,6.64284224218496,285.07326171337075,57.80668142758615,71.0
37,76,10.0,6.676284846773376,281.1129366900049,57.035415191826516,70.5
37,77,10.0,6.629564928152709,277.1526116666391,56.26030209839212,69.5
37,78,10.0,6.643621486449354,273.1922866432732,55.48159903815651,69.0
37,79,10.0,6.605385760553659,269.2319616199073,54.69957058839363,68.4375
37,80,10.0,6.582628677196404,265.27163659654144,53.91448854346444,68.0
37,81,10.0,6.589895580479515,265.27163659654144,53.25712444344029,68.0
37,82,10.0,6.6476209179854795,264.06296855174253,52.17674820447105,67.5625
37,83,10.0,6.787281028226172,262.85430050694356,51.09493010431728,66.50028926790384
37,84,10.0,6.860965491782464,261.6456324621447,50.01243959266603,66.0
37,85,10.0,6.9516723105727305,260.43696441734573,48.93004899339919,65.4375
37,86,10.0,6.9662527761764315,260.6358182982707,47.27668035409213,65.0
37,87,10.0,6.81115122428221,259.42715025347184,46.20215951221247,64.99537955031016
37,88,10.0,6.685789654389113,258.21848220867287,45.13041426051168,64.59494707780777
37,89,10.0,6.637388113147191,257.00981416387395,44.062180437015726,64.0
37,90,10.0,6.64742360766348,255.801146119075,42.99817931450758,63.00205702310122
37,91,10.0,6.655301933763271,256.0,41.403282922371524,63.0
37,92,10.0,6.615781276273257,256.0,40.7515454706387,63.0
37,93,10.0,6.46984375621841,256.0,40.10090754621224,62.0
37,94,12.806248474865697,6.526336040901505,253.75609660869665,39.52348135201204,61.4375
37,95,12.806248474865697,6.490722993734655,251.51219321739325,38.947351805438586,61.0
37,96,12.806248474865697,6.3246442408376335,249.2682898260899,38.37263063417018,61.002570538106326
37,97,11.313708498984761,6.346190376094541,248.0792566252777,38.05274820979629,60.544291838754646
38,0,8.48528137423857,6.20581508805285,301.6988933062603,45.0,94.4559964896801
38,1,10.0,6.376291894442414,278.84944665313014,49.06505117707799,93.55248052446439
38,2,10.0,6.492454592208121,271.2329644354201,50.422092592563764,92.9955276631607
38,3,10.0,6.468749798241076,267.4247233265651,51.10013776507965,92.49774925093257
38,4,10.0,6.511921508998723,265.1397786612521,51.50670347435963,92.0
38,5,10.0,6.469428895875231,263.61648221771003,51.77761319035657,91.5
38,6,10.0,6.43103913622067,262.52841332946576,51.97104655217288,91.5
38,7,10.0,6.419080052927941,261.71236166328254,52.11607831814184,91.0
38,8,10.0,6.414544684514435,261.0776548118067,52.22885384798905,90.5
38,9,10.0,6.472319781895952,260.56988933062604,52.31905664883337,90.0
38,10,10.0,6.433734408373745,260.15444484602364,52.39284695186753,89.5
38,11,10.0,6.384182428999085,259.80824110885504,52.454330440346475,89.0
38,12,12.806248474865697,6.3335519171322225,255.20010065566737,52.36857088136302,88.4375
38,13,7.211102550927978,6.275776115828691,262.3292452934159,51.05229455106436,88.0
38,14,11.313708498984761,6.3199996138548205,259.92557360583453,50.647840410283266,88.0
38,15,11.313708498984761,6.413714245027589,257.8223608792008,50.293912360404896,87.5625
38,16,8.48528137423857,6.600348738069474,260.4033333749102,49.98162174459357,87.0
38,17,8.48528137423857,6.710944354268585,262.6975311488741,49.70404486477773,86.50014382890674
38,18,8.48528137423857,6.738636690179928,264.75023442031545,49.45570950924404,86.0
38,19,8.48528137423857,6.68976830997251,266.5976673646127,49.23223420615256,85.0
38,20,8.48528137423857,6.668854368414599,268.269154314215,49.030069796937305,84.5
38,21,8.48528137423857,6.623510615835828,269.78868790476247,48.84631105078076,83.9975023488217
38,22,8.48528137423857,6.512869219526993,271.1760881396102,48.67855716081701,83.511285345531
38,23,8.48528137423857,6.521943982527354,272.44787168822063,48.524806956491595,82.99743746026174
38,24,8.48528137423857,6.648774007454721,273.61791255294224,48.38337916599553,82.53897707375872
38,25,8.48528137423857,6.800440028174161,273.61791255294224,48.38337916599553,81.84892379769641
38,26,8.48528137423857,6.90175960858559,275.4458682851926,48.05728748510349,81.06741779327221
38,27,8.48528137423857,6.949521146642036,277.273824017443,47.73126108359256,80.49131484053788
38,28,8.48528137423857,7.029108044648417,279.10177974969343,47.4053210468222,79.84252377893445
38,29,8.48528137423857,7.050499994835753,280.92973548194385,47.07948842662598,78.76170650287473
38,30,8.48528137423857,7.070337799597585,282.75769121419427,46.75378423317658,77.93838198817872
38,31,8.48528137423857,7.017032775063615,284.5856469464447,46.42822942689128,77.41615813948901
38,32,8.48528137423857,6.966246630078976,286.4136026786951,46.102844910385436,77.00736857549956
38,33,8.48528137423857,6.896887653562634,288.2415584109455,45.77765152048183,76.83288710883275
38,34,8.48528137423857,6.822990132254491,290.06951414319593,45.452670020283314,75.91455576992024
38,35,8.48528137423857,6.723769319679917,291.89746987544635,45.12792109131626,76.0
38,36,8.48528137423857,6.582186855929222,293.72542560769676,44.80342532575223,76.0
38,37,10.0,6.6131532198335865,295.9693289990001,44.22555525366239,76.00312516014904
38,38,8.48528137423857,6.569078686813572,293.83695970788466,44.67575923475838,76.00318455322122
38,39,8.48528137423857,6.5102326438676545,296.8539486409473,44.67575923475837,75.95682331506553
38,40,14.142135623730951,6.4520051393229245,295.0437552811097,44.675759234758374,75.93255978835893
38,41,14.142135623730951,6.620607332964368,290.2165729882096,44.67575923475837,76.09162174366355
38,42,14.142135623730951,6.516628149475885,285.3893906953094,44.675759234758374,76.0
38,43,14.142135623730951,6.518747946406343,280.5622084024092,44.67575923475838,75.98133786900726
38,44,14.142135623730951,6.637310488207257,275.7350261095091,44.67575923475837,75.46187418463478
38,45,14.142135623730951,6.643245481380431,270.90784381660893,44.67575923475839,75.0042788394495
38,46,14.142135623730951,6.433006415906525,266.0806615237087,44.67575923475837,74.5704617205584
38,47,10.0,6.427302902285485,264.2527057914583,44.35127835400168,73.93506886701007
38,48,10.0,6.455333124841779,262.4247500592079,44.026577926541925,73.55083850042062
38,49,10.0,6.5129418769407135,260.5967943269575,43.70167860543497,72.5534373388641
38,50,10.0,6.5677526708420535,258.76883859470706,43.37660112020366,71.93463872228614
38,51,8.48528137423857,6.6226247603962705,258.76883859470706,43.37660112020366,71.91612278171132
38,52,8.48528137423857,6.646065153692953,258.76883859470706,43.37660112020366,72.0
38,53,8.48528137423857,6.565351112205117,258.76883859470706,43.37660112020366,72.0
38,54,10.0,6.65472032855443,256.94088286245665,43.700632536938656,71.99603613500884
38,55,10.0,6.660696162419343,255.11292713020626,44.025008470239506,72.03354947213143
38,56,10.0,6.660609286245919,253.28497139795584,43.69958478172038,71.78441269919381
38,57,10.0,6.6369315778878235,251.45701566570543,44.02422184290542,71.228131368704
38,58,10.0,6.646125206581917,249.62905993345504,44.349183718387685,70.93376300900213
38,59,10.0,6.5945875241197776,247.80110420120462,44.67444995930275,71.00391485255905
38,60,10.0,6.617069942420425,245.9731484689542,45.0,71.0796230839232
38,61,10.0,6.481130887112809,244.1451927367038,45.32581316563677,70.21844483558888
38,62,11.313708498984761,6.521724284122151,242.9561595358916,45.65134205566304,69.91419403565283
38,63,11.313708498984761,6.569637564035389,239.939170602829,45.65134205566304,70.0
38,64,11.313708498984761,6.627259252656428,236.9221816697664,45.65134205566304,69.61954545666106
38,65,11.313708498984761,6.605808268057507,238.73237502960393,45.65134205566304,68.93314406918475
38,66,11.313708498984761,6.5310952544103555,240.5425683894415,45.65134205566304,69.01840765091174
38,67,10.0,6.43520114803678,243.5417949500913,45.97735522547303,68.10056583162117
38,68,10.0,6.528967971087983,246.54102151074102,46.30356864515418,68.03801258657023
38,69,10.0,6.399610989996213,249.54024807139078,46.62996133212064,67.36182637485014
38,70,10.0,6.3998172905198984,252.5394746320405,46.956512234184686,66.99579533354665
38,71,10.0,6.396287167828093,255.53870119269027,46.63128019277296,66.6428095444936
38,72,10.0,6.489100425837039,255.53870119269027,46.63128019277297,65.97219507037752
38,73,10.0,6.630733894603819,255.53870119269027,46.63128019277297,65.61570670322976
38,74,10.0,6.585569572493895,255.53870119269027,46.63128019277296,64.9726112322797
38,75,10.0,6.617324489536481,255.53870119269027,46.63128019277297,65.06450209669089
38,76,10.0,6.678708493132783,253.71074546043985,46.30567943853981,64.4624596361659
38,77,10.0,6.830765444721042,251.88278972818946,45.97973040864805,64.06426264490686
38,78,10.0,6.970815428879072,250.05483399593905,45.653453674164304,63.044168195713496
38,79,10.0,7.0005012938054945,250.05483399593905,45.0,62.622994615964814
38,80,10.0,7.039494808066461,250.05483399593905,44.34654632583569,61.73634911031837
38,81,10.0,7.116343248286019,250.05483399593905,44.34654632583568,61.0
38,82,10.0,7.104542666814315,250.05483399593905,43.69326259972078,60.501756949872025
38,83,10.0,7.050481895162935,250.05483399593905,43.040318504656916,60.0
38,84,10.0,7.0299860107220935,250.05483399593905,42.38788319458272,60.0
39,0,10.0,6.696559875099786,256.0,36.86989764584402,95.00771554663226
39,1,10.0,6.742350460583025,256.0,36.86989764584402,93.45865563688588
39,2,10.0,6.7908014415922,256.0,36.86989764584402,93.0649132608716
39,3,10.0,6.740804598330067,256.0,36.86989764584402,91.95097068177327
39,4,10.0,6.614283213766139,256.0,36.86989764584402,90.14762910059524
39,5,11.661903789690601,6.559445313147415,249.9196981637352,40.51283467011769,88.9607509188078
39,6,11.661903789690601,6.41973709290996,245.5766254235461,43.15424704484491,88.52896274550082
39,7,11.661903789690601,6.176338645102957,242.31932086840425,45.149432576610025,86.94295874395947
39,8,10.0,6.12835284177833,243.83939632747044,46.048163873208104,86.87876482356899
39,9,7.211102550927978,6.303094147908717,254.95626925313803,47.08580963896913,86.68857452852885
39,10,10.0,6.437519849144095,255.05115386648913,47.6427783742413,86.08603877179509
39,11,10.0,6.571501133929902,255.13022437761504,48.10600195591133,86.56505501122054
39,12,10.0,6.656254832144081,255.19713019472158,48.49726308504192,86.63060591432601
39,13,10.0,6.696183556800226,255.25447803795575,48.83209293117787,86.58968687903652
39,14,10.0,6.638092304240419,255.30417950209204,49.121860188250196,85.98130978372323
39,15,10.0,6.507183952375144,255.34766828321128,49.375076066414586,86.07850609039764
39,16,11.313708498984761,6.546164112022338,253.63746250065154,49.11511974277299,86.05349501736374
39,17,10.0,6.6228396822125974,253.76871458394868,49.34035191644701,85.54481500319243
39,18,10.0,6.689591322434624,253.8861506584777,49.541687577459015,86.0518107929696
39,19,10.0,6.821666331285767,253.9918431255538,49.722733903325945,85.58532507281335
39,20,10.0,6.846400767664335,254.08746964338457,49.88640759126249,85.0
39,21,10.0,6.82154002520274,254.17440284141256,50.035092371017484,84.99411399532815
39,22,11.313708498984761,6.801789959450049,252.96134923872918,49.81454437504,85.0
39,23,11.313708498984761,6.80469217939444,251.84938343626945,49.612466543263906,84.62285690330742
39,24,11.313708498984761,6.773709711408676,250.82637489800646,49.426636357482884,83.07483545366836
39,25,11.313708498984761,6.709072260866851,249.63734169719424,49.75039737097061,82.0
39,26,8.94427190999916,6.621999842010942,250.84600974199319,50.811329831074886,80.94164261513663
39,27,8.94427190999916,6.705488777731523,252.0546777867921,51.87181067584146,80.67122260470788
39,28,8.94427190999916,6.840720640283279,253.26334583159104,52.931114557830476,81.05637604163462
39,29,8.94427190999916,6.875581674550351,254.47201387638998,53.988520952818796,80.06184116362813
39,30,8.94427190999916,6.890420765431103,257.1399543618924,54.163996723691305,80.03703203785062
39,31,8.94427190999916,6.933502995005002,259.80789484739495,54.33960593226949,79.4378064567982
39,32,8.94427190999916,7.00121159987989,262.47583533289736,54.515345427776126,80.16308232340614
39,33,8.94427190999916,6.90773141705975,263.68450337769633,54.928886948726586,80.04777954272605
39,34,8.94427190999916,6.767397131973988,260.93284639912935,55.21469201188384,79.49631073916476
39,35,8.48528137423857,6.856465894656796,262.76080213137976,54.88910500522122,79.0
39,36,8.48528137423857,6.920569194533263,264.5887578636302,54.56314012830731,78.47538202910472
39,37,8.48528137423857,6.948936058147759,266.4167135958806,54.23681785906402,78.0
39,38,8.48528137423857,6.950658096643278,268.244669328131,53.91015881307411,77.47226093413329
39,39,8.48528137423857,6.8980058494453464,270.07262506038137,53.58318373605748,76.99730881299797
39,40,8.48528137423857,6.745975418405324,271.9005807926318,53.25591349622305,76.42651821669962
39,41,11.313708498984761,6.807748930026499,271.9005807926318,53.255913496223044,76.00456770052762
39,42,11.313708498984761,6.855256862442909,270.7115475918196,52.92836907650316,76.06747049921404
39,43,11.313708498984761,6.746412766503722,269.5225143910074,52.60057156667749,75.41217480038371
39,44,11.313708498984761,6.677406815324553,268.33348119019524,52.272542155393594,74.97425572267018
39,45,11.313708498984761,6.542477255665715,267.144447989383,51.94430212209155,74.97047007167134
39,46,7.211102550927978,6.471092491281699,271.1047730127489,52.07283768332981,74.97372745243725
39,47,7.211102550927978,6.484262677843969,276.2541312369269,52.52962219651013,75.05878813300775
39,48,7.211102550927978,6.531664367501712,281.40348946110504,52.98616845125787,75.7247210009156
39,49,14.142135623730951,6.514582417865012,279.59329610126747,52.98616845125787,76.01878184026668
39,50,14.142135623730951,6.532263270011197,277.78310274142996,52.986168451257875,76.0
39,51,14.142135623730951,6.539265229589783,273.57520813598126,52.244039300583765,76.10307410854612
39,52,11.313708498984761,6.529388861043784,271.1775068903701,51.50257194969777,75.26492356832696
39,53,11.313708498984761,6.5878831047226125,268.779805644759,50.762013447020195,75.02890267366648
39,54,11.313708498984761,6.407170917544479,266.38210439914786,50.02260902185456,74.6815030642633
39,55,11.313708498984761,6.194164171714471,263.9844031535368,49.28460160318999,74.02686400054279
39,56,12.649110640673518,6.095679189800488,260.63116591876894,49.59622001235563,73.39192057899739
39,57,8.48528137423857,6.199369084136877,261.2504536062204,48.85815728673126,72.81133312883037
39,58,8.48528137423857,6.260017548795109,261.8697412936719,48.12187397769664,72.0549133593159
39,59,8.48528137423857,6.361796853978836,262.4890289811234,47.38760587655654,72.00424320860964
39,60,8.48528137423857,6.4859964698169,262.4890289811234,47.387605876556535,71.56686968363672
39,61,8.48528137423857,6.630663175442229,262.4890289811234,47.387605876556535,71.71688040853451
39,62,8.48528137423857,6.67897086901814,262.4890289811234,47.387605876556535,72.12779415124734
39,63,8.48528137423857,6.601846027083201,262.4890289811234,47.387605876556535,71.99587141146816
39,64,12.806248474865697,6.50539143186855,258.41716985756955,47.133767681353206,72.03750328388655
39,65,12.806248474865697,6.495519543426321,254.3453107340158,46.87972051392765,72.09718186121049
39,66,11.313708498984761,6.5852435403044725,254.3453107340158,46.87972051392765,72.03327183925349
39,67,11.313708498984761,6.6492177871545,254.3453107340158,46.879720513927644,71.52919887661417
39,68,11.313708498984761,6.80592169640473,254.3453107340158,46.87972051392765,70.8922063495969
39,69,11.313708498984761,6.914608486545186,254.3453107340158,46.87972051392765,70.228131368704
39,70,11.313708498984761,6.940958567210025,254.3453107340158,46.87972051392765,69.98002163092826
39,71,11.313708498984761,6.913752811467138,249.19595250983772,46.42633156193587,69.7779557522444
39,72,11.313708498984761,6.80430725316732,244.0465942856597,45.97347251657834,69.12247647317096
39,73,10.0,6.652627674311674,240.08626926229383,45.847142169412294,69.03556031557622
39,74,10.0,6.855532999471997,243.08549582294356,46.173294042136135,68.43373498656888
39,75,10.0,6.9975331378881185,246.08472238359332,46.49963358726121,68.0
39,76,10.0,7.103259448834186,249.0839489442431,46.82613977634821,67.56231601163222
39,77,10.0,7.0976388611626415,250.2729821450553,47.152791516188834,67.0
39,78,10.0,7.023952718387886,251.46201534586748,47.479567656922725,66.51722898953571
39,79,10.0,6.919173939816768,252.65104854667968,47.80644700020944,66.0
39,80,10.0,6.704344091970725,253.84008174749187,48.13340830744752,65.88192054124325
39,81,10.0,6.483385965530852,255.9846509374608,47.419348452571604,66.10561201366511
39,82,10.0,6.597157053194065,254.15669520521038,47.09524842050258,65.44086690035785
39,83,10.0,6.700989841339907,252.32873947295997,46.77075215719364,65.0649513432128
39,84,10.0,6.749488639824819,250.50078374070955,46.44587978925964,64.03944672671173
39,85,10.0,6.7742859957901285,248.67282800845913,46.12065158671946,63.08682374209963
39,86,10.0,6.766871207197234,246.84487227620875,45.7950879557296,62.0
39,87,10.0,6.829868643156936,245.01691654395833,45.46920943118923,61.0
39,88,10.0,6.800288921350198,243.18896081170791,45.14303666922308,60.4375
39,89,10.0,6.837042742897583,245.4328642030113,45.07152978110424,60.0
39,90,10.0,6.753642447433623,247.67676759431467,45.0,60.0
40,0,10.0,6.895689144488611,256.0,53.13010235415597,94.5352567346319
40,1,10.0,6.893537322823755,256.0,53.13010235415597,93.99140506104416
40,2,10.0,6.859696551962771,256.0,53.13010235415597,93.42823581743654
40,3,8.48528137423857,6.925968011260337,267.4247233265651,51.10013776507965,92.93618665751754
40,4,8.48528137423857,7.112270884869751,274.2795573225041,49.879373477938884,92.0
40,5,8.48528137423857,7.226225644726916,278.84944665313014,49.06505117707798,91.46440418065085
40,6,8.48528137423857,7.286199814467941,282.113653317863,48.48337320769134,91.00058348947636
40,7,8.48528137423857,7.257181246441082,284.5618083164127,48.0471868495349,90.48857440005197
40,8,8.48528137423857,7.140504010626819,286.4659288708402,47.708009761592216,89.93583205224685
40,9,8.48528137423857,6.9417546187564305,287.9892253143822,47.43673542570835,89.52778188308358
40,10,10.0,6.67408465685924,285.0811139221656,47.954675930800526,89.0
40,11,10.0,6.668494568604118,282.6576877619852,48.386435298262676,88.73146351877688
40,12,11.313708498984761,6.702262502691042,278.3204940864244,48.12546948443122,88.46507178757547
40,13,11.313708498984761,6.680585524776126,274.60289950737234,47.90181511729245,86.96084504805569
40,14,11.313708498984761,6.672078310217987,271.38098420552717,47.708009761592216,86.63131248323782
40,15,11.313708498984761,6.635544486059996,268.5618083164127,47.53845539818524,85.94243210744179
40,16,11.313708498984761,6.579387339095142,266.0743001789587,47.38887071662388,85.42014576542577
40,17,11.313708498984761,6.498729633469759,263.8631818345552,47.255925676953936,84.9427650208627
40,18,10.0,6.425530719939216,263.4493301590523,46.71078527545531,84.39679467475034
40,19,7.211102550927978,6.463271561981248,268.027269930307,47.19006759854991,83.95910855588475
40,20,7.211102550927978,6.55541442095498,272.16921543763266,47.624115226055345,83.3880920198671
40,21,7.211102550927978,6.517613371339243,275.9346204442924,48.01899997171306,82.94381185705997
40,22,8.48528137423857,6.566167959080315,277.0548062208997,47.88728731321017,82.41868674438277
40,23,11.313708498984761,6.57894525289024,274.9389463775162,47.76657834848745,81.95537740255878
40,24,11.313708498984761,6.708526068734366,272.9923553216033,47.65555039212239,81.37686088794041
40,25,11.313708498984761,6.810064605386466,271.80332212079117,47.329569186664166,80.91643488545341
40,26,11.313708498984761,6.85906900632988,270.61428891997895,47.00370033000197,81.0
40,27,11.313708498984761,6.84266988592847,269.4252557191668,46.67796483387998,80.46923745967325
40,28,8.94427190999916,6.95226685164037,268.8059680317153,47.409302329489186,80.00436487067583
40,29,8.94427190999916,7.060065608350089,268.1866803442638,48.14287547405994,79.41441478056001
40,30,8.94427190999916,7.13584045163549,267.5673926568123,48.87845300736005,78.94458773227015
40,31,8.94427190999916,7.1461880200455195,266.9481049693608,49.61579976242932,79.06611588040457
40,32,8.94427190999916,7.1467669118168144,266.3288172819093,50.354677097139465,77.68383261342683
40,33,8.94427190999916,7.080206931773998,265.7095295944579,51.09484334260377,76.90041120409447
40,34,8.94427190999916,6.9595694056639745,265.0902419070064,51.836054266407665,75.39743136917158
40,35,8.94427190999916,6.7554802596936,266.2989099518053,52.24991679279981,75.33211472803349
40,36,12.806248474865697,6.5396861402780715,264.0550065605019,51.66878841507419,74.34344246121128
40,37,12.806248474865697,6.412776429921996,263.00013637001075,51.41562868325519,72.94610361968499
40,38,8.94427190999916,6.354395577896464,265.3978376156219,52.15941187968932,72.41419247157874
40,39,8.94427190999916,6.375254924243355,267.79553886123296,52.90388962657838,72.33521813897657
40,40,8.48528137423857,6.436310051575622,270.8125277942956,52.90388962657839,73.27036622443524
40,41,8.48528137423857,6.454583243064197,273.82951672735817,52.90388962657838,73.69207867011474
40,42,8.48528137423857,6.530130766675281,276.84650566042075,52.90388962657839,73.65649973886684
40,43,8.48528137423857,6.6689744295732245,278.67446139267116,53.22600853252734,74.65751158226095
40,44,8.48528137423857,6.758697664396831,276.54209210155574,52.76861325088798,74.65943242640986
40,45,8.48528137423857,6.737245120140022,274.4097228104403,52.31094829196044,75.05749418253275
40,46,8.48528137423857,6.6487552637064455,272.27735351932483,51.853071863397275,74.80420989112125
40,47,10.198039027185569,6.575663982408833,270.25054390614946,53.184926759861504,75.05802422165954
40,48,10.198039027185569,6.598384017865517,271.24072322603666,54.52627793797911,74.9850916054399
40,49,10.198039027185569,6.64247687621615,272.23090254592387,55.875742786071065,74.94127818833829
40,50,10.198039027185569,6.685654726078544,273.22108186581113,57.23188598468657,75.01305120044748
40,51,10.198039027185569,6.730985797838719,274.21126118569833,58.59322810637893,75.0
40,52,10.198039027185569,6.729615429875159,275.20144050558554,59.958254931059244,75.0
40,53,10.198039027185569,6.7621724373849785,273.7939185798616,60.5739920208396,75.0
40,54,10.198039027185569,6.794033360284799,272.38639665413774,61.19218887528513,75.02554226454924
40,55,10.198039027185569,6.713630946520051,270.9788747284138,61.812715496156194,75.0
40,56,10.198039027185569,6.6505796820628085,269.5713528026899,62.43543871834005,75.0
40,57,10.198039027185569,6.62143146219353,268.163830876966,63.060222357386245,74.98551884400197
40,58,10.198039027185569,6.510765806815702,266.7563089512421,63.68692736702551,74.97372745243725
40,59,7.211102550927978,6.51955141789477,269.5079659298091,63.391221103105636,75.17033316884489
40,60,7.211102550927978,6.428116659282842,272.259622908376,63.09532703021772,75.78809162417969
40,61,8.94427190999916,6.379791686809334,275.7121943444783,64.09243486118572,75.31429641391117
40,62,8.94427190999916,6.4228466615809525,279.1647657805806,65.08156678760939,74.95360022761398
40,63,8.94427190999916,6.3957760290612455,279.1647657805806,65.08156678760939,75.03366989053153
40,64,8.94427190999916,6.305585041413061,279.1647657805806,65.08156678760939,74.81675651267292
40,65,8.94427190999916,6.224924552182546,278.5454780931291,65.82418710936594,73.88937814407305
40,66,10.0,6.164916762293822,276.71752236087866,66.14406831622865,73.25473486040448
40,67,12.649110640673518,6.052748564312704,272.7449974386593,67.21372809129123,72.6454271743197
40,68,8.48528137423857,6.204116978987205,272.7449974386593,67.21372809129123,72.35935438700551
40,69,8.48528137423857,6.25807289375125,272.7449974386593,67.21372809129123,72.00424320860964
40,70,8.48528137423857,6.44560699668615,272.7449974386593,67.21372809129123,71.59282162920925
40,71,8.48528137423857,6.570766149143578,272.7449974386593,67.21372809129123,71.09458919085392
40,72,8.48528137423857,6.647388473307517,274.77180705183474,65.85506677537253,72.06952930880257
40,73,8.48528137423857,6.6324264535590745,276.7986166650101,64.49187409095127,71.94996877607986
40,74,12.806248474865697,6.517937486483191,274.75356715463175,62.88212541983406,72.06555865137636
40,75,12.806248474865697,6.499190012073483,272.7085176442533,61.26569703372651,71.949736379272
40,76,11.313708498984761,6.5781561668784825,271.7183383243661,59.8942835040563,71.51918174663786
40,77,11.313708498984761,6.647706155915541,270.72815900447887,58.52510200890375,71.0
40,78,11.313708498984761,6.769313639654163,269.73797968459166,57.159705268598834,71.0333701447019
40,79,11.313708498984761,6.90922712998489,268.74780036470446,55.7996202749896,70.78441269919381
40,80,11.313708498984761,6.952743863951239,267.75762104481726,54.44633827049791,69.98002163092826
40,81,11.313708498984761,6.917212801071371,266.76744172493005,53.10130532161001,70.06649809794762
40,82,11.313708498984761,6.811660524160291,265.77726240504285,51.7659136289606,69.43711075406759
40,83,10.0,6.689418300408557,265.9761162859678,50.770387795888155,68.58641794670233
40,84,10.0,6.886935006194636,262.0157912626019,50.64194936738519,68.0
40,85,10.0,7.022061742854467,258.05546623923607,50.51355198044452,67.54904680517942
40,86,10.0,7.119127374371921,256.84679819443716,50.10114525073603,67.0
40,87,10.0,7.115753011788559,255.6381301496382,49.68959029276507,66.49768496697273
40,88,10.0,7.038703940051574,254.4294621048393,49.278926803437095,66.0
40,89,10.0,6.930587824751261,253.22079406004036,48.86919394156777,65.41348805968681
40,90,10.0,6.752117518748856,252.01212601524145,48.46043030803288,65.24134278265565
40,91,10.0,6.524017130718542,252.01212601524145,48.46043030803288,65.61569923847787
40,92,10.0,6.547433671632808,254.15669520521038,47.09524842050258,64.99579533354665
40,93,10.0,6.710760356875243,252.32873947295997,46.77075215719365,64.59814214057641
40,94,10.0,6.746713440353358,250.50078374070955,46.44587978925964,63.995760033963826
40,95,10.0,6.761286138021443,248.67282800845913,46.12065158671946,63.03787228108233
40,96,10.0,6.778936967409779,246.84487227620875,45.795087955729606,61.433454272445715
40,97,10.0,6.79811027467256,245.01691654395833,45.46920943118923,61.0
40,98,10.0,6.751061444752785,243.18896081170791,45.14303666922308,60.4375
40,99,10.0,6.737925910543746,245.43286420301126,45.071529781104225,60.0
40,100,10.0,6.686952151877244,247.67676759431467,45.0,60.0
41,0,8.48528137423857,6.221322272391051,301.6988933062603,45.0,96.43423522219126
41,1,8.48528137423857,6.257653652651172,301.6988933062603,45.0,95.3058173294273
41,2,8.48528137423857,6.3652031458975475,301.6988933062603,45.0,93.98582228345121
41,3,8.48528137423857,6.482825365763974,301.6988933062603,45.0,93.49370529855672
41,4,8.48528137423857,6.364884801728347,301.6988933062603,45.0,92.4666025755413
41,5,10.0,6.539432232355342,294.08241108855026,46.352489163799405,91.42289845926555
41,6,10.0,6.761171081828634,288.64206664732876,47.32049663669885,90.97842288351121
41,7,10.0,6.937891185909757,284.5618083164127,48.0471868495349,89.91763715166114
41,8,10.0,6.976961811884902,281.3882740590335,48.61262883816985,88.93859296643187
41,9,10.0,6.941847241210598,278.84944665313014,49.06505117707798,88.42792097416945
41,10,10.0,6.9445852537256,276.7722242301183,49.435217452167485,88.00245849115112
41,11,10.0,6.930019035013952,275.0412055442751,49.7436670558933,87.43779914491694
41,12,10.0,6.8259218750891355,273.5764974254847,50.00463286972476,87.0
41,13,10.0,6.6978138660705495,272.3210333236644,50.22828723686352,86.49911203187378
41,14,10.0,6.673237345223947,271.2329644354201,50.422092592563764,86.0
41,15,7.211102550927978,6.726425313941879,276.4689120072155,50.790323498187234,85.50439897903127
41,16,7.211102550927978,6.802757788447141,281.088865747035,51.1153253200526,84.936300100799
41,17,7.211102550927978,6.881537831938461,285.1954912935412,51.404270729145715,84.48214738069201
41,18,7.211102550927978,6.880472106886349,288.869840466731,51.66283210059801,85.02560755742194
41,19,7.211102550927978,6.862512024557385,292.17675472260174,51.89555353053661,84.4219733994668
41,20,10.0,6.8837824005684265,290.4540521167636,51.18529574612392,84.57810495347032
41,21,10.0,6.812409261703511,288.8879588387289,50.537930705076455,84.45069301111126
41,22,10.0,6.755240169074968,287.4580475848711,49.94560434831302,84.0
41,23,8.48528137423857,6.775928032900607,288.0514161565956,49.738531231895976,83.99824795753432
41,24,8.48528137423857,6.87447269432198,288.5973152425822,49.548066628884726,83.52555643644476
41,25,8.48528137423857,6.953277006867768,288.5973152425822,49.54806662888473,83.0
41,26,8.48528137423857,6.968767574443428,288.5973152425822,49.548066628884726,82.96786346448518
41,27,10.0,6.97161946174883,286.7693595103318,49.22459411051202,82.4068635781222
41,28,10.0,7.073736690150361,284.9414037780814,48.90058856280558,81.98249156881215
41,29,10.0,7.1042543984050095,283.113448045831,48.576069439647455,81.60249081991128
41,30,10.0,7.149368670321679,283.113448045831,47.92319657190032,81.0
41,31,10.0,7.216852897934137,283.113448045831,47.26956309089295,80.56828228143807
41,32,10.0,7.195315363367274,283.113448045831,46.615338052593145,79.36879161499498
41,33,10.0,7.130458538629465,283.113448045831,45.96069143580337,79.07543718625902
41,34,10.0,7.048177891762771,283.113448045831,45.30579387852218,79.34615365886788
41,35,10.0,6.924129570168494,283.113448045831,44.65081641173311,79.0
41,36,10.0,6.650709883609018,283.113448045831,44.65081641173311,78.61190798013291
41,37,10.0,6.7651761863659825,283.113448045831,44.65081641173312,78.881992396598
41,38,10.0,6.819324763048248,283.113448045831,44.65081641173312,79.04520843277786
41,39,10.0,6.8240129466323225,283.113448045831,44.65081641173312,78.57320851314293
41,40,10.0,6.791939669747717,279.15312302246514,44.52434530540319,78.0655332735155
41,41,10.0,6.796164202183898,275.1927979990993,44.39797453490693,76.79561006950095
41,42,10.0,6.815808381816201,271.2324729757334,44.271705208904784,76.05443198263015
41,43,10.0,6.778026703039348,267.2721479523675,44.14553843033648,76.48358255278842
41,44,10.0,6.70966375630114,263.31182292900166,44.01947529637311,76.0
41,45,10.0,6.610291046588943,263.31182292900166,44.67313006745525,76.00158442550368
41,46,8.48528137423857,6.56338920313377,265.1397786612521,45.0,76.01478734567166
41,47,8.48528137423857,6.56083230321121,266.9677343935025,45.326605098670925,75.73377533103772
41,48,7.211102550927978,6.401247359485597,269.1001036846179,45.78009577510906,74.94527251692674
41,49,7.211102550927978,6.402752255443621,271.23247297573334,46.23419952415388,75.02017531458429
41,50,7.211102550927978,6.411636505250636,273.3648422668488,46.688860431926244,75.01630865673647
41,51,7.211102550927978,6.384561833991806,275.4972115579643,47.144022166654416,75.14305261438199
41,52,8.246211251235321,6.354564006027685,277.67503555982455,48.679270328649025,75.06653395382422
41,53,8.94427190999916,6.314733507136472,278.88370360462346,49.74738067511874,74.88669655284352
41,54,11.313708498984761,6.475116363472075,277.69467040381124,50.07284836814112,74.03493945356638
41,55,11.313708498984761,6.576838739335032,276.5056372029991,50.397722379626636,74.0
41,56,11.313708498984761,6.567183760050525,275.31660400218686,50.72198350128093,73.4622922060868
41,57,10.198039027185569,6.493059166348671,275.1177501212619,52.36989625234539,73.12262220276406
41,58,10.198039027185569,6.505325861486966,274.9188962403369,54.02683306540094,73.52229339112543
41,59,10.198039027185569,6.588279327832644,274.720042359412,55.690078626400755,73.56184116362813
41,60,10.198039027185569,6.554050131722054,274.521188478487,57.35685451537513,74.02874709126638
41,61,10.198039027185569,6.579311266875883,274.322334597562,58.38160728480184,74.04870587174383
41,62,10.198039027185569,6.6503331646444295,274.123480716637,59.41122693591454,74.0
41,63,10.198039027185569,6.655320563805032,273.92462683571205,60.44507890327064,74.0
41,64,10.198039027185569,6.570493803485517,273.7257729547871,61.48251238369807,73.54019534782813
41,65,10.198039027185569,6.403665877056472,273.5269190738621,62.52286267553796,73.5696362546633
41,66,7.211102550927978,6.463868359554608,277.487244097228,62.652483156693734,73.55296922521194
41,67,7.211102550927978,6.586044368814415,281.4475691205938,62.78202196964049,73.0
41,68,7.211102550927978,6.621902561954908,285.40789414395965,62.911477868507305,73.02732595989512
41,69,7.211102550927978,6.583655791187025,289.36821916732555,63.040849612403754,73.0
41,70,7.211102550927978,6.560838105320052,293.32854419069145,63.170135965484626,72.4357077770184
41,71,7.211102550927978,6.610358054254333,295.46091348180687,63.622346027989465,72.16068399239384
41,72,7.211102550927978,6.624378502081877,297.5932827729223,64.07291837730492,72.59643081439707
41,73,7.211102550927978,6.579855322929323,297.5932827729223,64.07291837730492,72.59144316996739
41,74,8.48528137423857,6.544094799463409,295.46091348180687,63.622346027989465,72.0
41,75,10.0,6.607066111267087,291.50058845844103,63.4934433248252,72.06269345554196
41,76,8.48528137423857,6.604121513754365,289.36821916732555,63.04084961240376,72.04297564350833
41,77,8.48528137423857,6.5210489145560295,289.0183508977157,61.78359527889526,71.0
41,78,10.0,6.498983243190222,287.8096828529168,61.3608306932975,70.5
41,79,10.0,6.523017289104741,288.998716053729,61.68708728125314,70.0
41,80,8.48528137423857,6.564791275045924,292.0157049867916,61.68708728125314,69.5
41,81,8.48528137423857,6.6733291772629375,295.0326939198542,61.68708728125313,69.0
41,82,8.48528137423857,6.679810521108345,297.0595035330296,60.322446025676506,68.5
41,83,8.48528137423857,6.6951671339663825,299.086313146205,58.95953011071981,68.0
41,84,10.0,6.636649990508148,299.28516702712994,57.92889843170851,67.5
41,85,10.0,6.654651277871571,299.4840209080549,56.90343864532369,67.0
41,86,10.0,6.648448742182728,299.6828747889799,55.883763549739335,66.4375
41,87,10.0,6.58571553221229,299.8817286699049,54.87046440938601,66.0
41,88,10.0,6.558977035440513,300.08058255082983,53.864109182284,66.0
41,89,10.0,6.6352606547281185,300.27943643175485,52.86524095064421,66.0
41,90,10.0,6.685478929995585,300.4782903126798,51.87437656179072,65.56045856282992
41,91,10.0,6.634513879666908,296.51796528931396,51.746979971418355,65.0
41,92,10.0,6.640022064703015,292.55764026594807,51.61961279746047,64.44850511739584
41,93,10.0,6.601790743208657,288.5973152425822,51.49227628808287,64.0
41,94,11.313708498984761,6.60706278753854,283.44795701840417,51.039389153177254,63.568131999073906
41,95,11.313708498984761,6.553851792326355,278.2985987942261,50.58645397666692,62.933916495059506
41,96,11.313708498984761,6.483428414278725,273.14924057004805,50.13352736280433,62.87482280472044
41,97,11.313708498984761,6.3363682213580885,267.99988234587,49.680665909422245,62.1639030760938
41,98,11.661903789690601,6.387280447854688,262.5802848818006,49.7889673235696,61.777955752244395
41,99,11.661903789690601,6.359134039115042,259.2930567088466,50.35043648858632,60.96234436375907
41,100,10.0,6.268096950150629,259.2930567088466,50.35043648858632,60.980840465945896
41,101,12.806248474865697,6.313615703701007,255.22119758529283,50.60451823499156,60.995992043800264
41,102,12.806248474865697,6.285965927759846,251.14933846173906,50.85850421294364,60.58305936387356
41,103,10.0,6.4229359648498665,251.14933846173906,50.85850421294364,60.0
42,0,8.48528137423857,6.687112010761539,301.6988933062603,45.0,98.0
42,1,8.48528137423857,6.7068255944352835,301.6988933062603,45.0,96.46808788411504
42,2,8.48528137423857,6.82627914332537,301.6988933062603,45.0,95.99947586982303
42,3,8.48528137423857,6.960309453865797,301.6988933062603,45.0,94.99997379201184
42,4,8.48528137423857,6.9515025127380765,301.6988933062603,45.0,93.99967080547741
42,5,8.48528137423857,6.911360202837565,301.6988933062603,45.0,93.49994875810087
42,6,8.48528137423857,6.952919723161384,301.6988933062603,45.0,93.0
42,7,8.48528137423857,7.011410263615779,301.6988933062603,45.0,92.5
42,8,8.48528137423857,7.059653839452032,301.6988933062603,45.0,91.5
42,9,8.48528137423857,7.106333595863808,301.6988933062603,45.0,91.0
42,10,8.48528137423857,7.043979545846082,301.6988933062603,45.0,90.50031309494742
42,11,8.48528137423857,6.963029202505161,301.6988933062603,45.0,89.99245126973872
42,12,8.48528137423857,6.822901005870009,301.6988933062603,45.0,88.9832510636975
42,13,8.48528137423857,6.74091128148057,301.6988933062603,45.0,87.99113417267662
42,14,8.48528137423857,6.56106271608879,301.6988933062603,45.0,87.0
42,15,12.806248474865697,6.507421345110404,295.3366134257075,45.395598713188114,86.5
42,16,12.806248474865697,6.338222817435839,289.7228370605139,45.74487761972462,86.0
42,17,14.422205101855956,6.214285324315626,283.48846071226717,45.078910592825785,85.5
42,18,8.94427190999916,6.264873087588301,283.6320523126728,46.03263003985665,85.0
42,19,8.246211251235321,6.257406630942285,284.97272969936444,47.47714186872708,84.5
42,20,8.246211251235321,6.402716944952202,286.1857235254188,48.79886397536504,84.50268992145105
42,21,8.48528137423857,6.440152165536018,286.89086760636616,48.6237301743856,83.97640913814699
42,22,8.48528137423857,6.5520041184959545,287.53469481070937,48.46401382680441,82.95931752831218
42,23,8.48528137423857,6.657866333172072,288.12486974802397,48.3177670973099,81.93859296643187
42,24,8.48528137423857,6.823818069006311,288.6678306903534,48.18335668307712,81.50361863980645
42,25,8.48528137423857,6.935963991462305,288.6678306903534,48.183356683077136,81.0
42,26,8.48528137423857,6.978578132477695,288.6678306903534,48.18335668307712,80.00245849115112
42,27,8.48528137423857,6.957651115139121,288.6678306903534,48.18335668307712,80.0
42,28,8.48528137423857,6.887221259655474,288.6678306903534,48.18335668307712,80.0
42,29,8.48528137423857,6.780611682668819,288.6678306903534,48.18335668307712,79.56038346189709
42,30,8.48528137423857,6.76592469695653,288.6678306903534,48.183356683077136,79.03859855222966
42,31,8.48528137423857,6.667709046096796,288.6678306903534,48.18335668307712,79.07115667235678
42,32,11.313708498984761,6.681560229369998,285.65084175729083,48.18335668307712,79.0294149833028
42,33,10.198039027185569,6.5990164248492,283.62403214411546,49.49837651565987,78.04382956776145
42,34,10.198039027185569,6.641980483711919,281.59722253094003,50.826740859832924,78.57059522579576
42,35,8.94427190999916,6.5975112506781945,280.9779348434886,50.098471259900954,79.05964843919392
42,36,8.94427190999916,6.611966190701776,280.3586471560371,49.36544651506125,77.98984264008097
42,37,8.94427190999916,6.646272931196941,279.73935946858563,48.627862149945365,78.00134080974993
42,38,10.0,6.6501203808599,277.9114037363352,48.96366623701553,77.52447323066598
42,39,8.48528137423857,6.57551827184955,277.9114037363352,48.96366623701553,77.58186207209819
42,40,8.48528137423857,6.682624443748468,281.98326285988895,48.701710363417135,77.82991035286176
42,41,8.48528137423857,6.624023813015994,286.05512198344275,48.439732262652,78.03690685697606
42,42,8.48528137423857,6.567062392206999,291.02291520401025,48.90008782648467,78.09232276123362
42,43,8.48528137423857,6.485356306662471,291.6422028914617,48.14644537706812,77.98773328179993
42,44,8.48528137423857,6.480706008912672,291.29233462185186,46.9202297232816,78.03466224592925
42,45,8.48528137423857,6.378067079416636,290.94246635224204,45.70654326198663,77.99915376017536
42,46,10.0,6.485129495589606,289.1145106199916,46.037618422818554,78.0
42,47,10.0,6.584435555837539,287.2865548877412,46.36889606151707,78.03575882681031
42,48,10.0,6.735377794822673,285.4585991554908,46.700354195679,77.394635174416
42,49,10.0,6.791026176135499,283.6306434232404,47.03197077062236,76.6989117775209
42,50,10.0,6.804082690732781,281.80268769099,47.36372366812064,75.96757817384007
42,51,10.0,6.792718953809857,279.9747319587396,47.69559071520052,75.92231380487799
42,52,10.0,6.760570206392198,278.1467762264892,48.02754969299449,75.34529757367953
42,53,10.0,6.745416529948835,276.31882049423876,48.35957834563963,74.94417603939596
42,54,10.0,6.802266236809111,274.49086476198835,48.69165438921342,74.97905201157386
42,55,10.0,6.899426617183351,272.66290902973793,49.023755520697904,75.00427577429267
42,56,10.0,6.970957446884837,270.8349532974875,49.35585942696302,75.0
42,57,10.0,6.965999405511662,272.02398649829973,49.68794379376016,75.0
42,58,10.0,6.933752216072766,272.2228403792247,48.69803243582886,75.0
42,59,10.0,6.853925310090809,272.42169426014965,47.71860418573519,75.0
42,60,10.0,6.861706206086389,271.21302621535074,48.770679148568625,74.99426709996044
42,61,10.0,6.870468661324633,270.0043581705518,49.816723242173566,75.06611588040457
42,62,10.0,6.8866107441617705,268.79569012575286,50.85609726478299,74.42706567105762
42,63,10.0,6.79735038588789,268.79569012575286,50.85609726478299,73.94527251692674
42,64,10.0,6.7327088173652445,266.9677343935025,51.18146862314353,73.50683106533393
42,65,10.0,6.68988710246749,265.1397786612521,51.50670347435963,73.00452745968491
42,66,10.0,6.523949043919546,263.31182292900166,51.831780959590944,73.06582646178566
42,67,10.0,6.50243540622814,261.48386719675125,51.51193649197462,72.9981609517534
42,68,10.0,6.613237178121439,259.65591146450083,51.191423835559114,72.0
42,69,10.0,6.758142422203368,257.8279557322504,50.87026101553913,71.52735891258676
42,70,10.0,6.82003501751809,256.0,50.548466293718064,71.0667218446348
42,71,10.0,6.697179705959321,256.0,49.89909245378776,70.4491454953103
42,72,10.0,6.491179147860365,256.0,49.24845452936129,69.57713910458342
42,73,10.0,6.4170135736436995,256.0,48.59671707762846,69.0188916878618
42,74,11.661903789690601,6.41816353192909,254.54072755929644,47.71269445638597,68.57734416809218
42,75,11.661903789690601,6.523341296552678,253.08145511859288,46.82595736045375,67.52490201719567
42,76,11.661903789690601,6.534009706668419,251.62218267788936,45.93691981181411,67.0
42,77,10.0,6.624957186340235,251.62218267788936,45.93691981181411,66.00462594729697
42,78,10.0,6.674682343074402,251.62218267788936,45.93691981181411,65.65837454097853
42,79,10.0,6.667522661464702,251.62218267788936,45.93691981181411,65.01841010006186
42,80,10.0,6.622147998877956,251.62218267788936,45.93691981181411,64.39536939888342
42,81,10.0,6.546525307671944,251.62218267788936,45.93691981181411,63.86164923011462
42,82,12.806248474865697,6.557218779722452,249.37827928658598,45.35247504673155,63.08415279784622
42,83,12.806248474865697,6.46163443125542,247.1343758952826,44.76814314934325,63.0
42,84,10.0,6.433543143939444,247.1343758952826,44.11203723598983,62.46483044796441
42,85,10.0,6.519524900888619,247.1343758952826,44.11203723598983,61.95316012164672
42,86,10.0,6.5071910536398905,247.1343758952826,43.45616412589705,61.91767484613236
42,87,10.0,6.533384939354476,247.1343758952826,43.45616412589705,61.20950245449876
42,88,10.0,6.552821306773148,247.1343758952826,43.45616412589705,60.29635755966885
43,0,10.0,6.476060115523892,256.0,53.13010235415597,99.99369030292286
43,1,11.313708498984761,6.5438256766323715,241.1370849898476,49.06505117707799,99.01997256676982
43,2,11.313708498984761,6.618118156569223,236.1827799864635,47.70800976159221,96.54903113291095
43,3,11.313708498984761,6.7465197349952515,233.70562748477138,47.02996458907633,94.8704479262652
43,4,11.313708498984761,6.802858504917305,232.21933598375617,46.62339887979634,93.99657977688958
43,5,11.313708498984761,6.815196030976145,231.2284749830793,46.352489163799405,93.5000912808608
43,6,11.313708498984761,6.775693477211975,230.52071712545302,46.159055801983094,93.0
43,7,11.313708498984761,6.602834717199803,229.98989873223329,46.01402403601414,92.00104586325928
43,8,11.313708498984761,6.371077047414258,229.57703998195132,45.90124850616692,90.93813240324859
43,9,8.94427190999916,6.278903209510464,235.24100609575345,43.992352660126805,89.93799934953111
43,10,10.0,6.53234146692489,237.12818735977586,44.82497119327152,89.43173658403244
43,11,10.0,6.725493389663346,238.70083841312785,45.51934707768918,88.93788174926424
43,12,10.0,6.772539225508364,240.03154315057958,46.10710871803928,88.36292585967877
43,13,10.0,6.807018241206886,241.17214721125245,46.61095999678768,88.98831296220473
43,14,10.0,6.772203929294381,242.1606707305023,47.047608881899706,88.5312867019735
43,15,10.0,6.683138002999954,243.0256288098459,47.429617729996906,88.0
43,16,10.0,6.590350253913809,243.78882711514908,47.76661026343293,87.5
43,17,10.0,6.524069806605519,244.4672256087519,48.06608117076359,87.0
43,18,8.48528137423857,6.441868545017586,247.47941864546289,47.90378134801145,86.49609558014609
43,19,8.48528137423857,6.616208043178261,250.19039237850274,47.75778746019195,85.99968990533196
43,20,8.48528137423857,6.662592153774057,252.64317813696738,47.62576134941427,85.00091851036832
43,21,8.48528137423857,6.667243262689094,254.87298337193525,47.50579122625309,83.93750007734465
43,22,8.48528137423857,6.616166205121054,256.9088924995146,47.39629877514406,83.0
43,23,8.48528137423857,6.5667657069703385,258.775142533129,47.29596952024326,82.5
43,24,10.0,6.538762993847918,258.66413683180383,47.530127329959775,82.0
43,25,10.0,6.579821743623241,258.66413683180383,47.53012732995978,81.49931025062276
43,26,10.0,6.6318396415944365,259.85317003261605,47.856654423481324,81.00754873026128
43,27,10.0,6.635856462649196,261.0422032334282,48.18326003999656,81.3247127080676
43,28,10.0,6.615205522984587,262.23123643424043,48.50992297616527,81.0
43,29,10.0,6.606993555389535,263.4202696350526,48.83662200630051,80.50007211011254
43,30,10.0,6.636895362270041,264.6093028358648,49.16333589063772,80.00174211925102
43,31,10.0,6.496836294663454,265.798336036677,49.490043383617405,79.5666454851953
43,32,11.661903789690601,6.600603015346916,265.52809679678563,50.05282717132711,78.47042333294874
43,33,11.661903789690601,6.716907674869316,265.2578575568943,50.61599057527404,77.42181661732711
43,34,11.661903789690601,6.69715057455689,262.5899170713918,51.8893116697249,77.50306485569917
43,35,11.661903789690601,6.622136871421458,261.13064463068827,52.12555538618612,77.0
43,36,8.246211251235321,6.561923024235092,263.3084686325485,53.0173692770232,76.50384836363347
43,37,8.246211251235321,6.648786963476634,265.48629263440876,53.914882120778415,76.0
43,38,8.246211251235321,6.654562909584269,267.664116636269,54.81770422513113,76.0002444327604
43,39,10.0,6.599501008906681,267.664116636269,54.16981895311283,75.9959130011858
43,40,10.0,6.712971286110026,267.664116636269,54.16981895311283,76.02076404387185
43,41,10.0,6.9017473280616795,267.664116636269,54.16981895311283,76.02599491933823
43,42,10.0,6.9748346948889415,267.664116636269,54.16981895311283,75.9365178870675
43,43,10.0,7.011665817052585,265.83616090401864,54.49791956215461,75.98068274062052
43,44,10.0,6.9676102388001535,264.0082051717682,54.82566318223336,76.98259372703751
43,45,10.0,6.882503909377063,262.1802494395178,55.153028983990495,76.16762806690883
43,46,10.0,6.809467343130841,260.3522937072674,55.479996284722894,76.0
43,47,10.0,6.8049259129607,258.524337975017,55.80654455585794,75.43689780566731
43,48,10.0,6.8268597119574626,256.69638224276656,56.13265343028202,75.65170159203936
43,49,10.0,6.788616076792424,256.69638224276656,56.13265343028201,75.9953320841892
43,50,10.0,6.737949473919294,256.69638224276656,56.13265343028202,75.9886132145486
43,51,10.0,6.688373340369301,256.69638224276656,56.13265343028202,77.02803267945092
43,52,10.0,6.670616538857498,256.69638224276656,56.13265343028202,76.75386568403827
43,53,10.0,6.646712352976278,256.69638224276656,56.13265343028201,77.64789341503815
43,54,10.0,6.58712541121232,256.69638224276656,56.13265343028202,77.54632511255276
43,55,10.0,6.46399736386601,256.69638224276656,56.13265343028202,78.04818741050596
43,56,8.246211251235321,6.360003286514683,258.8742062446268,57.04177332035996,77.63101389255922
43,57,8.246211251235321,6.304703146798717,262.5113026871906,57.715158884052805,77.0647877121262
43,58,10.0,6.264709151827991,263.9705751278941,57.475550989633966,76.39559495963277
43,59,8.48528137423857,6.428495445384278,267.2578033008481,56.909113903316786,75.91791845115328
43,60,8.48528137423857,6.532469866788761,270.54503147380206,56.3417168352175,76.0
43,61,8.48528137423857,6.601759711748285,270.1951632041922,55.10299729112546,75.99124853703314
43,62,8.48528137423857,6.5557865767162795,269.8452949345824,53.86929966343715,76.0148335623089
43,63,8.48528137423857,6.401186624489592,269.49542666497257,52.64172946222302,75.91985093231669
43,64,10.0,6.503565195060452,269.49542666497257,53.2895751604028,75.15889947492711
43,65,10.0,6.656687355231463,269.49542666497257,53.28957516040279,75.00422574528282
43,66,10.0,6.745554373560875,269.49542666497257,53.2895751604028,75.06223276410671
43,67,10.0,6.801321353498982,269.49542666497257,53.2895751604028,75.0
43,68,10.0,6.761450459543689,269.49542666497257,53.2895751604028,74.5625
43,69,8.94427190999916,6.72660343815709,270.7040947097715,53.703327250973885,74.0
43,70,8.94427190999916,6.743734254060502,271.9127627545704,54.11755849624748,74.0
43,71,8.94427190999916,6.778385286011134,273.12143079936936,54.532226355733386,73.51758791064358
43,72,8.94427190999916,6.747062000921213,274.3300988441682,54.94728801629899,73.0
43,73,8.94427190999916,6.658977774557916,275.5387668889672,55.36270041816186,72.51818436575167
43,74,8.94427190999916,6.5740773545131725,276.7474349337661,55.77842028126601,72.5689763491212
43,75,10.0,6.507247491696626,276.7474349337661,55.77842028126601,72.0
43,76,10.0,6.510855832348699,276.7474349337661,55.133131322644076,71.50332646178566
43,77,10.0,6.664743296177232,276.7474349337661,54.48523422003554,71.0
43,78,10.0,6.663065190216634,276.7474349337661,53.834879787941254,70.00457009051912
43,79,10.0,6.6034354678686515,276.7474349337661,53.182222518672546,69.67000080273024
43,80,10.0,6.7238368576178855,276.7474349337661,52.52742038983739,68.94545227100437
43,81,10.0,6.609260608663582,274.56961093190586,50.96924882889764,67.94904632511282
43,82,11.661903789690601,6.438640008683174,270.93251448934205,49.18783922576181,67.93393060964345
43,83,12.806248474865697,6.652258463644715,268.68861109803873,49.115181323467716,67.3324305906804
43,84,12.806248474865697,6.798475783599841,264.6167519744849,49.37273643004502,66.59453741663368
43,85,12.806248474865697,6.726383039482234,260.54489285093115,49.630242936226026,65.94362395836538
43,86,10.0,6.672228852693381,258.71693711868073,49.96037112758443,65.93815883637187
43,87,10.0,6.60556140803448,256.8889813864303,50.29043987870192,65.31926388338448
43,88,10.0,6.56141709199752,255.0610256541799,50.62042730524012,64.38177123294909
43,89,10.198039027185569,6.53937120927781,254.86217177325491,51.61855229425236,64.02561756577308
43,90,10.198039027185569,6.570292558088039,254.66331789232993,52.62561446130808,63.39156530010541
43,91,12.806248474865697,6.545874154993055,252.41941450102658,52.0373624925718,63.08415279784622
43,92,12.806248474865697,6.408033327823681,250.1755111097232,51.44780776565712,63.0
43,93,10.0,6.4879314480708485,250.17551110972323,51.44780776565712,61.94049715310792
43,94,10.0,6.5004420950694355,248.96684306492426,51.02837329531051,62.01461907995292
43,95,10.0,6.502198870138043,247.75817502012535,49.9475911477548,61.29991506649016
43,96,10.0,6.541571274519404,246.54950697532644,49.53002789452828,60.880757666496464
43,97,10.0,6.543725177447957,245.34083893052753,49.11339956640417,60.29635755966885
44,3,8.48528137423857,6.819256205147935,301.6988933062603,45.0,98.57151949411974
44,4,8.48528137423857,6.718357775994317,301.6988933062603,45.0,97.0006891823847
44,5,8.48528137423857,6.73430571810295,301.6988933062603,45.0,95.490269416708
44,6,8.48528137423857,6.743139536985641,301.6988933062603,45.0,94.0
44,7,8.48528137423857,6.755904682265689,301.6988933062603,45.0,92.96390176159677
44,8,10.0,6.688332226564542,294.08241108855026,43.647510836200595,91.0
44,9,10.0,6.688342475148506,288.64206664732876,42.67950336330115,90.0
44,10,8.48528137423857,6.643227346508169,290.2741699796952,42.97003541092367,88.99997047447745
44,11,8.48528137423857,6.6127799740697855,291.5435836826469,43.19593318568786,86.9204997429593
44,12,8.48528137423857,6.493050322700116,292.5591146450082,43.37660112020366,86.4348131033505
44,13,8.48528137423857,6.455243070233069,293.39000361421296,43.52438437324672,86.03573679513353
44,14,8.48528137423857,6.416278661542917,294.08241108855026,43.647510836200595,85.0
44,15,8.48528137423857,6.377847102815373,294.6682943360664,43.751675232633744,84.47233686529196
44,16,14.142135623730951,6.365418676192228,286.55051159661565,43.840944198016906,84.0
44,17,12.806248474865697,6.327023361942477,280.77397183800235,44.3403138679776,83.50792262729574
44,18,12.806248474865697,6.357800765626187,275.7194995492157,44.77760337571175,82.93856403899196
44,19,12.806248474865697,6.352528078707049,271.2596710591098,45.163668994565434,83.06310783410335
44,20,11.661903789690601,6.379537237246779,268.385144277071,45.929688689635064,83.00560941244595
44,21,10.0,6.436562572898384,267.73329457827776,45.4528850991396,82.96810202987723
44,22,11.661903789690601,6.450393868381667,265.32253929848446,46.12925347241463,83.09339854497387
44,23,7.211102550927978,6.462614664103829,269.5932815025636,46.61426289029161,83.66254295443129
44,24,10.0,6.516356142948909,268.9754050706289,46.911496508538484,83.0023597346568
44,25,10.0,6.55761064211722,268.4112570240798,47.182888581553314,81.99995125530756
44,26,7.211102550927978,6.616068743718381,272.01945988074925,47.5638528126932,81.0
44,27,7.211102550927978,6.71325534995332,275.3390065088852,47.91450727869912,80.43673192108713
44,28,7.211102550927978,6.608668751342605,277.47137580000066,48.368620895924074,80.0
44,29,7.211102550927978,6.566618930738018,279.6037450911161,48.8230220887592,79.5
44,30,7.211102550927978,6.5771736839704875,281.73611438223156,49.277653921888216,79.0
44,31,7.211102550927978,6.5840906662941885,283.868483673347,49.73245928604054,78.5
44,32,7.211102550927978,6.60256455340223,286.00085296446247,50.187380940889746,78.0
44,33,7.211102550927978,6.63138268100301,289.9611779878283,50.964686305849284,77.5
44,34,7.211102550927978,6.656118595888407,293.9215030111942,51.740381613099,77.0
44,35,7.211102550927978,6.5176061682699675,296.0538723023096,52.19425601532519,76.5
44,36,10.0,6.398483627771633,294.2259165700592,51.8736106589485,76.5
44,37,10.0,6.427297305436834,292.3979608378088,51.55227018765555,75.50000084684872
44,38,8.48528137423857,6.4467501481156555,292.3979608378088,51.552270187655544,75.0
44,39,7.211102550927978,6.59740799472684,294.5303301289243,52.00708349392238,74.43952792845309
44,40,7.211102550927978,6.613012946107215,296.6626994200397,52.46172643760611,74.51122713233633
44,41,10.0,6.642076367399243,299.6619259806895,52.140799335160935,74.53323688724431
44,42,10.0,6.764756139297623,301.90582937199287,51.563819504912765,73.99883792474319
44,43,10.0,6.848071795053084,304.1497327632962,50.98531432838381,74.06229627323926
44,44,10.0,6.8783313244952415,306.39363615459956,50.40539614609292,74.06710940418077
44,45,10.0,6.812203184902959,307.8529085953031,49.5141160792394,74.06221051036799
44,46,8.48528137423857,6.787175225055599,309.68086432755354,49.83911400522896,73.49826735379983
44,47,10.198039027185569,6.720741171279376,310.9412828873321,50.59054862401378,72.94576209671625
44,48,8.48528137423857,6.743551354117328,308.80891359621666,50.13167093223307,73.51834428492849
44,49,8.48528137423857,6.740034625729021,310.63686932846707,49.80157816458151,73.53327459910665
44,50,11.661903789690601,6.726312067046682,309.1775968877635,50.0401779301527,74.08100240709524
44,51,11.661903789690601,6.628609799675035,303.7579994236941,50.15006656496414,73.99798625463578
44,52,8.246211251235321,6.521765209416464,301.9754984021885,50.91761747868538,74.06333072476511
44,53,8.246211251235321,6.380377293270189,300.19299738068287,51.690803838100656,74.00022384371154
44,54,11.661903789690601,6.356012452949771,294.77339991661347,50.66852404116664,74.0002444327604
44,55,11.661903789690601,6.378934879139319,289.353802452544,49.641725261019126,73.9936207304508
44,56,10.0,6.410314453968612,285.3934774291782,49.51143046785876,73.9647035349259
44,57,10.0,6.641844818944944,281.4331524058123,49.381189672572425,73.99554173453224
44,58,10.0,6.7935399012527995,277.47282738244644,49.25100418668998,73.95384919522617
44,59,10.0,6.8178543116265375,273.5125023590806,49.12087531834323,73.9365178870675
44,60,10.0,6.782358210973293,269.5521773357147,48.990804372190105,74.56740714715541
44,61,10.0,6.768192383737327,269.5521773357147,49.65477879371012,75.0294149833028
44,62,10.0,6.70500576371709,269.5521773357147,50.31750265310731,74.99690986080351
44,63,10.0,6.591556600423717,267.7242216034643,50.65066644738983,74.46439883670054
44,64,8.48528137423857,6.525125344082886,265.5918523123488,50.18746225597946,74.0
44,65,8.48528137423857,6.674118464377896,263.4594830212334,49.72431916691587,73.95083457365868
44,66,8.48528137423857,6.760908030869769,265.2874387534838,50.053307955817466,73.24701081572908
44,67,8.48528137423857,6.839330783979357,267.1153944857342,50.38169147711018,72.41813792790181
44,68,8.48528137423857,6.901908997223824,268.94335021798463,50.70944988651277,71.91914976486174
44,69,8.48528137423857,6.874394879327193,270.77130595023505,51.03656357885106,72.0
44,70,8.48528137423857,6.900219798759665,272.59926168248546,51.36301319410019,72.06509078021622
44,71,8.48528137423857,6.883916807522836,272.59926168248546,51.3630131941002,72.0
44,72,8.48528137423857,6.846603770648454,274.62607129566084,50.036098361839365,71.0
44,73,8.48528137423857,6.8521320418696545,274.6260712956608,50.03609836183937,71.0
44,74,8.48528137423857,6.775501593268479,274.6260712956608,50.03609836183937,71.0
44,75,8.48528137423857,6.7411786900982795,277.9132994686148,49.46773419008017,70.5625
44,76,8.48528137423857,6.647810702868286,281.2005276415687,48.899871821520335,70.0
44,77,8.48528137423857,6.569414429161102,280.8506593719589,47.68879067630756,69.5
44,78,8.48528137423857,6.471369648968787,280.50079110234907,46.489222742452824,68.5
44,79,8.48528137423857,6.486080362291688,283.788019275303,47.045215355948606,68.0
44,80,8.94427190999916,6.5131457555551275,286.4559597608055,48.331464902809515,67.5
44,81,10.0,6.446383672588537,286.4559597608055,47.681603398307686,67.0
44,82,10.0,6.645005744663207,286.4559597608055,47.03105072969477,66.5
44,83,10.0,6.691697336123619,286.4559597608055,46.37997375658014,66.0
44,84,10.0,6.721072890067654,286.4559597608055,45.72854014897758,65.4375
44,85,10.0,6.7929104334013015,286.4559597608055,45.07691812926185,65.0
44,86,10.0,6.772391262978611,286.4559597608055,44.42527621198973,65.0
44,87,11.313708498984761,6.747041104575045,285.26692655999335,44.09986419783895,64.5625
44,88,11.313708498984761,6.880256975325255,284.07789335918113,43.77477299046793,63.5
44,89,11.313708498984761,6.939044403395356,281.06090442611855,43.77477299046793,63.0
44,90,11.313708498984761,6.99805856067925,278.0439154930559,43.77477299046793,62.5
44,91,11.313708498984761,7.044754663679886,275.02692655999334,43.77477299046792,62.0
44,92,11.313708498984761,7.0296837529845,272.0099376269307,43.77477299046793,61.5
44,93,11.313708498984761,6.972755994338146,268.99294869386813,43.77477299046792,61.0
44,94,11.313708498984761,6.883666176017258,265.9759597608055,43.77477299046793,60.0
44,95,11.313708498984761,6.749155323019332,262.95897082774286,43.77477299046793,60.0291435710454
44,96,11.313708498984761,6.629218998852067,259.9419818946803,43.77477299046793,60.05266923158288
45,0,10.0,6.680090588005499,256.0,53.13010235415597,98.87089683885111
45,1,10.0,6.806827569739776,256.0,53.13010235415597,98.37257670513281
45,2,10.0,6.855711539878898,256.0,53.13010235415597,97.87013199377347
45,3,10.0,6.85460894014844,256.0,53.13010235415597,97.92689436824264
45,4,8.48528137423857,6.873284914554067,265.1397786612521,51.50670347435963,96.98283306776376
45,5,8.48528137423857,7.011792608861016,271.2329644354201,50.422092592563764,95.74596943731802
45,6,8.48528137423857,7.097028374803299,275.5852399883973,49.64672914646463,95.01248007615577
45,7,8.48528137423857,7.190327085670208,278.84944665313014,49.06505117707799,93.67129065061144
45,8,8.48528137423857,7.263982685851584,281.3882740590335,48.61262883816985,93.06644093491624
45,9,8.48528137423857,7.277939735953202,283.4193359837562,48.250728876217096,91.50638749252238
45,10,8.48528137423857,7.256497201328034,285.0811139221656,47.954675930800526,90.0
45,11,8.48528137423857,7.219890753690706,286.4659288708402,47.70800976159221,88.93817542682949
45,12,8.48528137423857,7.207270500631485,287.6376953658725,47.49933115767543,86.9375
45,13,8.48528137423857,7.164499013446793,288.64206664732876,47.32049663669885,86.0
45,14,8.48528137423857,7.0757534330722045,289.5125217579242,47.165534092299396,85.40097693808774
45,15,8.48528137423857,6.914534288946008,290.2741699796952,47.02996458907633,85.0
45,16,8.48528137423857,6.770029364620384,290.94621252831666,46.91036331834742,84.47015942665875
45,17,8.48528137423857,6.630943865667366,291.5435836826469,46.80406681431214,84.0
45,18,8.48528137423857,6.581545470921985,292.0780736628371,46.70897259194068,82.99639107192989
45,19,8.48528137423857,6.575092859298922,292.5591146450082,46.62339887979634,82.36668303623496
45,20,8.48528137423857,6.509006441862753,292.99434220030594,46.54598442539662,81.0546774044494
45,21,12.806248474865697,6.558681792796862,288.76289097381095,46.7640051266621,80.50991744490082
45,22,12.806248474865697,6.701728992236388,284.8993920278807,46.96309592357494,79.57757181445169
45,23,12.806248474865697,6.7235113713172,281.3578513274447,47.1456154140178,78.30311204393219
45,24,12.806248474865697,6.5624523618417046,278.0996338830435,47.31354661621016,77.9968580312598
45,25,8.48528137423857,6.405418231445019,279.9275896152939,46.98825021710324,77.93954052562627
45,26,8.48528137423857,6.453077465196223,281.75554534754434,46.66308770700397,77.93973898903774
45,27,10.770329614269007,6.527519480329807,281.0231466622094,47.248498822480315,77.90999465143382
45,28,8.48528137423857,6.605475855262261,282.8511023944598,46.92253864215664,78.96565972278285
45,29,8.48528137423857,6.673825259329289,282.8511023944598,46.92253864215663,78.74652552128615
45,30,8.48528137423857,6.626777189422047,282.8511023944598,46.92253864215663,78.96563917115841
45,31,8.48528137423857,6.615874930877228,282.8511023944598,46.92253864215663,78.50433363625442
45,32,8.48528137423857,6.71387345944664,282.8511023944598,46.92253864215663,77.53202530175606
45,33,8.48528137423857,6.857610890167178,282.8511023944598,46.92253864215663,77.0
45,34,8.48528137423857,6.950336874244221,282.8511023944598,46.92253864215663,76.48324591082077
45,35,8.48528137423857,6.978746947959432,282.8511023944598,46.92253864215663,76.06319863823278
45,36,8.48528137423857,7.010971990427582,282.8511023944598,46.92253864215663,75.50184482160948
45,37,8.48528137423857,7.037680338454397,282.8511023944598,46.92253864215663,75.0
45,38,8.48528137423857,7.024320496129226,282.8511023944598,46.92253864215663,74.0
45,39,8.48528137423857,7.031072477628816,282.8511023944598,46.92253864215663,73.4376053662239
45,40,8.48528137423857,7.015774197836881,282.8511023944598,46.92253864215663,73.0
45,41,8.48528137423857,7.01006572177273,282.8511023944598,46.92253864215663,72.97035115482431
45,42,8.48528137423857,7.066430153705264,282.8511023944598,46.92253864215663,73.0
45,43,8.48528137423857,7.048555059412651,282.8511023944598,46.92253864215663,73.09774622253313
45,44,8.48528137423857,6.990217576639022,282.8511023944598,46.92253864215663,73.06226854839814
45,45,8.48528137423857,6.920956271657895,282.8511023944598,46.92253864215663,72.0
45,46,8.48528137423857,6.867017365371809,286.9229615180136,46.66821782399651,71.96785596418326
45,47,10.0,6.879547023503339,289.166864909317,46.089226418581916,72.0
45,48,10.0,6.852284212232932,291.4107683006203,45.509829342637346,72.0
45,49,10.0,6.763618441761397,293.6546716919237,44.93014476874415,72.0
45,50,7.211102550927978,6.807721153912881,295.78704098303916,45.381906776692766,72.0
45,51,7.211102550927978,6.878007109297408,297.9194102741546,45.83432722872311,72.0
45,52,7.211102550927978,6.816216965677359,302.6121339828554,45.37738272958944,72.00000001546458
45,53,8.48528137423857,6.753708548824214,302.6121339828554,45.377382729589435,71.99993158144979
45,54,11.661903789690601,6.7765112267726675,299.32490580990145,44.81934888448094,71.99962445355563
45,55,11.661903789690601,6.774520289156704,296.0376776369475,44.26000865331735,71.93310770811624
45,56,11.661903789690601,6.678420465828262,292.75044946399356,43.69946441188983,71.99934250221641
45,57,11.661903789690601,6.6313441860900255,289.4632212910396,43.137819898783924,72.0
45,58,11.313708498984761,6.643067067347022,286.446232357977,43.13781989878393,72.06218038073077
45,59,11.313708498984761,6.803662752310686,283.4292434249144,43.137819898783924,72.0
45,60,11.313708498984761,6.8848201293287605,280.4122544918518,43.137819898783924,71.00973458378134
45,61,11.313708498984761,6.893983583989118,277.39526555878916,43.13781989878393,71.22919933830515
45,62,11.313708498984761,6.914450905505777,274.3782766257266,43.137819898783924,70.93733460463802
45,63,11.313708498984761,6.930940836445496,271.36128769266395,43.13781989878393,70.94557974267072
45,64,11.313708498984761,6.9260844982899314,268.3442987596014,43.137819898783924,71.00007627474886
45,65,11.313708498984761,6.912171688438365,265.3273098265388,43.137819898783924,70.89830988285043
45,66,10.0,6.862721054081195,263.4993540942884,42.81051128029196,70.99783093968249
45,67,10.0,6.885540491789274,261.67139836203796,42.483080159541665,71.0
45,68,10.0,6.857760129106949,259.84344262978755,42.15554786510059,71.06179341536233
45,69,10.0,6.8626670540195756,258.01548689753713,41.827935765165265,70.46460402707831
45,70,10.0,6.874990118737157,256.1875311652867,41.50026525921739,70.02359086185301
45,71,10.0,6.835067476004468,254.3595754330363,41.17255776964936,70.51165053074575
45,72,10.0,6.787371606099802,254.3595754330363,41.17255776964936,70.0
45,73,10.0,6.697767531846042,254.3595754330363,41.17255776964935,70.0
45,74,10.0,6.5783215302421825,254.3595754330363,41.172557769649345,69.5625
45,75,10.0,6.529768493954847,250.39925040967043,40.396567085545236,69.0
45,76,10.0,6.6710240602216375,246.43892538630453,39.62285054689168,68.0
45,77,10.0,6.736814382418087,242.47860036293866,38.85167901562136,67.49972135840827
45,78,10.0,6.794447861558688,240.65064463068825,38.52577132357782,66.99968183415204
45,79,10.0,6.95578325247108,242.10991707139183,38.76193108811463,65.96397590372256
45,80,10.0,7.032601532824091,243.5691895120954,38.99792594881507,64.90172333957038
45,81,10.0,7.077298428007526,245.0284619527989,39.23374807957643,63.93960793288266
45,82,10.0,7.107601107333249,246.48773439350248,39.469389689155335,63.002974292049565
45,83,10.0,7.113777887777394,247.67676759431467,39.14390273521702,62.50375967856588
45,84,10.0,7.111129964225286,248.86580079512686,38.81853137685646,62.0
45,85,10.0,7.115765822692902,250.05483399593905,38.49329652564037,61.46409364513664
45,86,8.48528137423857,7.132286028008516,253.07182292900166,38.49329652564037,60.9936759618508
45,87,8.48528137423857,7.221257178028742,256.08881186206423,38.49329652564036,60.485834388983925
46,0,10.0,6.987643152149277,256.0,53.13010235415597,98.17116567273405
46,1,10.0,6.978497323933276,256.0,53.13010235415597,97.16900996598633
46,2,8.48528137423857,6.95446046382732,271.2329644354201,50.422092592563764,95.65514435546208
46,3,8.48528137423857,7.043344997322493,278.84944665313014,49.06505117707799,94.12403262616573
46,4,8.48528137423857,7.118650570338581,283.4193359837562,48.250728876217096,93.1411163647725
46,5,8.48528137423857,7.137999652161074,286.4659288708402,47.70800976159221,91.59563204987487
46,6,8.48528137423857,7.050413702934123,288.64206664732876,47.32049663669885,90.60476392354015
46,7,8.48528137423857,6.931381862356334,290.2741699796952,47.02996458907633,89.59549711071833
46,8,10.0,7.005497393906911,286.4659288708402,47.708009761592216,88.96410957604559
46,9,10.0,7.068294546206064,283.4193359837562,48.250728876217096,88.42945989726144
46,10,10.0,7.1334330437061695,280.926669076142,48.694884901988495,88.00182808299505
46,11,10.0,7.129513089612161,278.84944665313014,49.06505117707798,87.4893698898681
46,12,10.0,7.0959647737194915,277.09179691058165,49.37827003219551,86.94933566283919
46,13,10.0,7.068760589553347,275.5852399883973,49.64672914646463,86.88340341462681
46,14,10.0,7.012030793866168,274.2795573225041,49.879373477938884,86.89806564192381
46,15,10.0,6.937498094155532,273.1370849898476,50.08291550462108,86.00834282296577
46,16,8.48528137423857,6.877681658457865,274.8171913614013,49.78358156804677,85.0
46,17,8.48528137423857,6.869638785288734,276.3106192472268,49.51747351598613,84.5041165975101
46,18,8.48528137423857,6.880298042689504,277.64684419770225,49.27935995022555,82.99100411089367
46,19,8.48528137423857,6.828968177613264,278.84944665313014,49.06505117707798,82.00136062993558
46,20,8.48528137423857,6.7876492012855465,279.9375155413744,48.87115259924207,81.31646504517256
46,21,8.48528137423857,6.734893314232213,280.926669076142,48.694884901988495,80.08408259165213
46,22,8.48528137423857,6.697606646486169,281.8298092600602,48.533950865425666,79.401295758125
46,23,10.0,6.641012824466296,280.75356720755764,48.04974596983886,79.0
46,24,10.0,6.659061600163476,279.76342451925535,47.60368672539065,78.00411448019702
46,25,10.0,6.595035631843663,279.76342451925535,46.9533532033757,77.66943995686694
46,26,10.0,6.656929603508469,279.76342451925535,46.30251580522403,77.93016018903475
46,27,10.0,6.669378720839274,277.93546878700494,45.97735522547303,77.40074783566511
46,28,8.48528137423857,6.651050880957964,277.93546878700494,45.97735522547303,77.91428836340302
46,29,8.48528137423857,6.715581439488037,277.93546878700494,45.97735522547303,78.06392764511493
46,30,10.0,6.627968203405043,276.1075130547545,45.65186867987664,77.93252735723829
46,31,10.0,6.672560226841957,274.2795573225041,45.32607671625578,78.0
46,32,10.0,6.728145081028174,272.4516015902537,45.0,78.0
46,33,10.0,6.646909118136922,272.4516015902537,44.34760384368326,78.00077580978271
46,34,8.246211251235321,6.6114979351577485,274.62942559211393,45.20924949302171,78.0
46,35,8.246211251235321,6.762916747160268,276.8072495939742,46.08008617889321,77.82604241736553
46,36,8.246211251235321,6.768775282591173,278.9850735958344,46.95985307973152,77.22526283107433
46,37,10.0,6.824271322223307,278.9850735958344,46.95985307973152,76.98799739544049
46,38,10.0,6.988671575502754,278.9850735958344,46.959853079731516,77.03306032883965
46,39,10.0,7.075993330815252,278.9850735958344,46.95985307973152,76.27682466366734
46,40,10.0,7.033479098604578,278.9850735958344,46.95985307973152,75.5697628186368
46,41,10.0,6.9681118887395055,277.157117863584,47.29185325714295,74.47929192427304
46,42,8.48528137423857,6.855815189783964,277.157117863584,47.29185325714295,73.99457271406726
46,43,8.48528137423857,6.905928485548387,277.157117863584,47.291853257142954,72.9364679197626
46,44,8.48528137423857,6.960176082742854,277.157117863584,47.29185325714295,72.99718602378738
46,45,8.48528137423857,6.952103141395344,277.157117863584,47.29185325714294,72.99735809167647
46,46,8.48528137423857,6.9415385102467315,277.157117863584,47.29185325714295,72.534298199859
46,47,8.48528137423857,6.900572440666144,277.157117863584,47.29185325714295,72.0
46,48,10.0,6.9255237415914745,277.157117863584,47.29185325714295,71.9981886249094
46,49,10.0,6.948041764195557,277.157117863584,47.29185325714295,72.0
46,50,10.0,6.889266228055139,277.157117863584,47.29185325714295,72.0
46,51,8.94427190999916,6.892043534479115,278.365785908383,48.36813528740239,72.0624885898924
46,52,8.94427190999916,6.9078429902165075,279.5744539531819,49.44567827283822,72.0
46,53,8.94427190999916,6.929334331267382,278.9551662657304,50.19542472969907,71.48999762600714
46,54,8.94427190999916,6.849922845365488,278.3358785782789,50.94655332081507,72.05291262178548
46,55,10.0,6.798084616410638,278.3358785782789,51.60692615157553,72.00203107042304
46,56,10.0,6.8750593866481955,278.3358785782789,52.265540587583175,72.06808707559374
46,57,10.0,6.916361250035328,278.3358785782789,52.92223032961885,71.99994504209187
46,58,10.0,6.860985863788023,278.3358785782789,53.57683207066238,72.0632941441336
46,59,10.0,6.760129330484844,276.15805457641864,52.671548375687856,72.0
46,60,11.313708498984761,6.7106265687298015,272.79119737374623,51.443427369911774,71.50000151673267
46,61,11.313708498984761,6.792647512122842,269.42434017107377,50.22362337869207,71.0
46,62,11.313708498984761,6.799754359114252,268.2353069702616,49.89566700939901,70.93746374690892
46,63,11.313708498984761,6.928082388463805,267.0462737694494,49.56765620051636,70.99608939214889
46,64,11.313708498984761,6.989767045972517,265.8572405686372,49.239612442964074,71.0
46,65,11.313708498984761,6.997801824732637,264.668207367825,48.9115572406194,71.06249436485469
46,66,11.313708498984761,7.021555087482352,263.47917416701284,48.583512101861224,71.0
46,67,11.313708498984761,6.999019632131325,260.4621852339502,48.583512101861224,70.50068559913962
46,68,11.313708498984761,6.99176893218976,257.44519630088763,48.58351210186122,71.00318328114172
46,69,11.313708498984761,7.020870473725901,254.42820736782502,48.58351210186122,70.53514037858643
46,70,11.313708498984761,6.968384554060442,251.41121843476242,48.583512101861224,69.93721797902259
46,71,11.313708498984761,6.887666763240974,248.3942295016998,48.583512101861224,70.0
46,72,11.313708498984761,6.737776461048654,245.3772405686372,48.583512101861224,69.96393699855986
46,73,10.0,6.814401594754239,245.3772405686372,48.58351210186122,70.0
46,74,10.0,6.877582104646304,245.3772405686372,48.58351210186123,70.0
46,75,10.0,6.867697191947809,245.3772405686372,48.583512101861224,69.50672583488053
46,76,11.313708498984761,6.849459895287293,242.97953932302607,47.84681321135596,69.52220699126579
46,77,11.313708498984761,6.812000833311096,240.58183807741497,47.11222331439492,69.53498004830641
46,78,11.313708498984761,6.800200802903702,238.18413683180384,46.37997375658015,68.9979520264442
46,79,11.313708498984761,6.826157743984374,235.78643558619274,45.650291355667505,69.0
46,80,11.313708498984761,6.818971671133651,234.59740238538055,45.32502506373815,69.06390247292062
46,81,11.313708498984761,6.695568809626538,233.40836918456836,45.0,69.00083601066162
46,82,11.313708498984761,6.408462266512889,232.21933598375617,44.675236790332434,68.59782107792027
46,83,10.0,6.276690646224244,232.21933598375617,44.675236790332434,68.0630066297202
46,84,10.0,6.4424921056211595,232.21933598375617,44.02579383043201,67.53615192172785
46,85,10.0,6.7244343451476185,233.40836918456836,43.70063253693867,66.45558637216057
46,86,10.0,6.817733264364263,234.59740238538055,43.375292859427695,64.97774830032284
46,87,10.0,6.832723408416303,235.78643558619274,43.04979564652018,64.46938610268006
46,88,10.0,6.845291940765266,236.97546878700493,42.72416180770151,64.0
46,89,10.0,6.794448141778587,238.16450198781712,42.398412305314565,63.00445826546776
46,90,10.0,6.81364482518067,239.3535351886293,42.07256814650191,62.53151025236514
46,91,8.94427190999916,6.854473501735787,241.7512364342404,42.79451841684285,62.00483780137809
46,92,8.94427190999916,6.916003178835613,244.14893767985154,43.52016339111512,61.57046667746705
46,93,8.94427190999916,6.878950693281988,246.54663892546264,44.24929699617263,61.063989042175216
46,94,8.48528137423857,6.98875933336864,249.56362785852525,44.249296996172646,60.36901332535746
46,95,8.48528137423857,7.1306265814657595,252.58061679158786,44.24929699617264,60.0
46,96,8.48528137423857,7.197845870951096,255.59760572465046,44.24929699617263,60.02656312598025
46,97,8.48528137423857,7.2374288195306855,258.61459465771304,44.249296996172646,60.0
47,0,10.0,6.464490904483426,256.0,36.86989764584402,99.0
47,1,10.0,6.582298237401447,256.0,36.86989764584402,97.00260133948284
47,2,10.0,6.630331738104037,256.0,36.86989764584402,95.95770978211601
47,3,10.0,6.623545114652123,256.0,36.86989764584402,95.36421636232649
47,4,10.0,6.578407040741779,256.0,36.86989764584402,94.04019075498377
47,5,11.661903789690601,6.501425103929891,249.9196981637352,35.886509617711155,92.93734736093762
47,6,11.661903789690601,6.452956164193856,245.5766254235461,35.183344294459665,92.60972580437291
47,7,7.211102550927978,6.491331160341385,259.25556294362116,37.78730169779148,91.42113521134914
47,8,7.211102550927978,6.492982708212098,269.89473657034625,39.835800114705336,91.28150562488872
47,9,10.0,6.576327563462531,268.50526291331164,41.17173498253263,91.52537124364198
47,10,10.0,6.601478302896177,267.3684208302833,42.266633860406,90.96344641112839
47,11,10.0,6.663294229521373,266.42105242775966,43.17970933635511,91.4974913061161
47,12,10.0,6.695288140618436,265.61943301023973,43.95241265662233,91.56162878301507
47,13,10.0,6.698577077827557,264.93233065236547,44.61457690670299,91.0
47,14,8.94427190999916,6.669209198488646,266.3512886835393,45.86770046650474,90.95982151167814
47,15,8.94427190999916,6.819180607887664,267.5928769608164,46.968720612356115,90.99537535651255
47,16,8.94427190999916,6.967056138216958,268.68839602900204,47.943062333373625,90.59904758035215
47,17,8.94427190999916,6.982365333050915,269.6621907562783,48.81092090356595,89.98142478033279
47,18,8.94427190999916,7.043880797966866,270.53348077542006,49.588507294000735,89.68091628276515
47,19,8.94427190999916,6.987899348054728,271.31764179264775,50.28896329065089,88.74850163523254
47,20,8.94427190999916,6.9075555775612045,272.02712080823466,50.92304118252668,88.10084450933556
47,21,8.94427190999916,6.768210782720233,272.6721017314955,51.49961404089716,88.10706950069056
47,22,8.94427190999916,6.580445777388831,273.26099735708146,52.0260628535848,87.62893038827518
47,23,10.0,6.575873950564923,272.5417891338697,51.38791699570616,85.57855647288233
47,24,10.0,6.718109308829444,271.88011756851495,50.80031547508129,85.18454105822269
47,25,10.0,6.7859580762288845,271.88011756851495,50.800315475081284,84.15631029305501
47,26,10.0,6.744268932831641,271.88011756851495,50.80031547508129,83.12449573141365
47,27,10.0,6.622411151829321,271.88011756851495,50.80031547508129,82.08390912116737
47,28,10.0,6.584050579962365,271.88011756851495,50.80031547508129,80.10307177318418
47,29,8.48528137423857,6.738456185297459,273.70807330076536,51.12739316129213,79.11786308483362
47,30,8.48528137423857,6.891491196279058,276.9953014737193,51.68332308172067,78.13302991045599
47,31,8.48528137423857,6.978571984234172,280.2825296466733,52.236635309835826,77.12938084187044
47,32,8.48528137423857,6.937075599894252,278.15016035555783,51.77742347949774,75.63295746612614
47,33,8.48528137423857,6.889432736196799,276.01779106444235,51.3180673833718,74.21203769578298
47,34,8.48528137423857,6.837441147770328,277.84574679669277,50.9877260431914,73.99071305137673
47,35,8.48528137423857,6.713474746774386,279.6737025289432,50.657256781723845,73.90976624393882
47,36,8.48528137423857,6.60529054389818,281.5016582611936,50.3266815235694,74.38684736886005
47,37,8.48528137423857,6.609807115894904,283.329613993444,49.99602223561912,75.33969933811619
47,38,8.48528137423857,6.648543583946559,285.15756972569443,49.66530091831943,76.89782432502298
47,39,8.48528137423857,6.649438645682124,285.77685741314593,48.92107202190957,77.4819631260718
47,40,8.48528137423857,6.685285213368434,286.3961451005974,48.17863105050048,77.96939608485404
47,41,8.48528137423857,6.6803572521078305,287.0154327880489,47.43821991743391,78.0640812916975
47,42,8.48528137423857,6.701498027823998,287.6347204755004,46.700076505076815,78.06048939798592
47,43,8.48528137423857,6.637739362067029,288.2540081629519,45.96443423176416,78.05226426896681
47,44,8.48528137423857,6.548303774749297,288.87329585040334,45.23152164026839,77.1117366393741
47,45,10.0,6.673817374120773,287.6646278056044,44.82772037003897,75.93527786238998
47,46,10.0,6.908858999597668,286.4559597608055,44.42527621198973,75.52821345212973
47,47,10.0,7.039657902780367,285.2472917160066,44.02422184290542,75.02964750585757
47,48,10.0,7.125136049179007,285.2472917160066,44.67471265959323,74.09059395406068
47,49,10.0,7.119323394376215,285.2472917160066,45.32528734040676,72.93569940573842
47,50,10.0,7.072163319223288,285.2472917160066,45.97577815709458,72.48417534064676
47,51,10.0,7.007844973661895,285.2472917160066,46.62601751107844,72.0
47,52,10.0,6.814265450800352,285.2472917160066,47.27583819229849,71.46422606081204
47,53,11.313708498984761,6.8776200363903,284.0582585151944,47.599492043311315,71.0
47,54,11.313708498984761,6.924296684242783,281.0412695821318,47.59949204331131,71.0
47,55,11.313708498984761,6.913439956341442,278.02428064906917,47.59949204331131,70.56247047447745
47,56,8.94427190999916,7.001174639088951,277.4049929616177,48.33146490280951,70.0
47,57,8.94427190999916,6.95326919652507,276.7857052741662,49.06537083830622,70.0
47,58,8.94427190999916,6.940415300974249,276.1664175867147,49.80097581270102,69.4235591318362
47,59,8.94427190999916,6.915847469322075,275.5471298992632,50.538042465001304,69.44294351255338
47,60,8.94427190999916,6.8490419603129675,274.92784221181176,51.27633055611544,69.5422402385636
47,61,10.0,6.950361827792819,273.09988647956135,51.60340799776003,69.39504156446897
47,62,10.0,7.049452386229429,271.27193074731093,51.930319977362956,68.97743651750588
47,63,10.0,7.033442379707104,269.4439750150605,52.25704535279896,69.4850329619869
47,64,10.0,6.881045508850737,267.6160192828101,52.583563054609456,69.0
47,65,8.94427190999916,6.847730032440342,266.9967315953586,53.32244172842004,68.96914986389011
47,66,8.246211251235321,6.756919379410847,267.3465998649684,54.5476957807537,69.0
47,67,11.313708498984761,6.779901820509826,264.32961093190585,54.5476957807537,69.00168585958258
47,68,11.313708498984761,6.885784967972424,261.31262199884327,54.5476957807537,69.06278056554777
47,69,11.313708498984761,6.950158039815529,258.29563306578063,54.5476957807537,68.9667257841562
47,70,11.313708498984761,6.943639238381497,257.1065998649685,54.22110068542545,69.00303682811587
47,71,11.313708498984761,6.911485809300988,255.91756666415625,53.89416928151138,68.93505283782153
47,72,10.0,6.795306164484706,255.91756666415625,53.89416928151138,68.93769334465826
47,73,10.0,6.827945053567817,255.91756666415625,53.894169281511374,68.93377751204774
47,74,10.0,6.79510276553663,255.91756666415625,53.89416928151137,68.99329748076504
47,75,10.0,6.8046792596101495,255.91756666415625,53.89416928151138,69.20888221376018
47,76,10.0,6.797808086954134,255.91756666415625,53.89416928151138,69.0
47,77,11.313708498984761,6.799567400317466,254.72853346334406,53.566922369780386,68.93745885068466
47,78,11.313708498984761,6.7702945867681334,254.72853346334406,53.56692236978039,69.0
47,79,11.313708498984761,6.68961603135015,254.72853346334406,53.566922369780386,69.07031250579651
47,80,11.313708498984761,6.721246528980738,254.72853346334406,53.566922369780386,68.50068559913962
47,81,11.313708498984761,6.736772601279883,252.33083221773293,52.82503690134575,68.50396431726419
47,82,11.313708498984761,6.740315653782221,249.93313097212183,52.08361811609394,68.50159164057085
47,83,11.313708498984761,6.711902847214538,247.5354297265107,51.34291355599972,68.0
47,84,10.0,6.639035524474013,246.3267616817118,50.27973869018243,68.00000850307522
47,85,10.0,6.589060567161026,245.11809363691285,49.216476152158364,67.50010338215513
47,86,10.198039027185569,6.497100875150475,244.91923975598786,50.2019551704241,67.00002619237866
47,87,10.198039027185569,6.586582057881525,244.7203858750629,51.19706046430675,66.9373826310584
47,88,10.198039027185569,6.58845082469312,244.52153199413792,52.20132491317851,67.52220699126579
47,89,10.198039027185569,6.623568861889811,244.32267811321293,53.2142502697635,67.60135718599685
47,90,10.198039027185569,6.567886543827838,242.91515618748906,53.81170312546937,67.5606153403909
47,91,11.313708498984761,6.451469294341621,239.5482989848166,52.56140736614939,67.49900819761164
47,92,11.313708498984761,6.396144669084537,239.5482989848166,52.56140736614939,66.49983187990931
47,93,10.0,6.30383432541497,240.73733218562882,52.233609249729156,65.99985020999715
47,94,10.0,6.468366301113204,241.926365386441,51.90506003810025,65.55193883119763
47,95,10.0,6.610192037340128,243.1153985872532,51.57577882639713,64.45930633447168
47,96,10.0,6.697509113255625,244.3044317880654,51.24578498832768,63.00216771605127
47,97,10.0,6.8506058567907955,244.3044317880654,50.579100791101794,62.507675879196015
47,98,10.0,6.883933120345057,244.3044317880654,49.910897678422884,62.0
47,99,10.0,6.881236338089273,244.3044317880654,49.2413527916235,61.0
47,100,10.0,6.946767727430297,244.3044317880654,48.570645449206935,60.40316702929265
47,101,10.0,6.942661405287232,244.3044317880654,47.898956866535926,60.00259550548398
47,102,10.0,6.965298946794127,245.49346498887758,47.563871715748476,60.0
48,3,8.246211251235321,6.776203701896503,310.44560004650623,75.96375653207353,99.56699905116686
48,4,10.0,6.703602825343909,283.2228000232531,64.54692944311475,98.74095010123744
48,5,10.0,6.773764277292707,274.14853334883543,60.695949553138725,97.73680034698158
48,6,10.0,6.7567047983637565,269.61140001162653,58.7812861542015,95.67792220344575
48,7,10.0,6.863651466621938,266.8891200093012,57.63838513710747,94.13633694006194
48,8,10.0,6.871189785020703,265.0742666744177,56.87945215579673,93.28907546554586
48,9,10.0,6.812861606322701,263.77794286378656,56.33899382662633,91.975244179697
48,10,10.0,6.711556082171594,262.80570000581326,55.93460769256263,91.08568319588683
48,11,8.48528137423857,6.592946339324325,267.12716592808516,54.71540680853898,89.96541734573881
48,12,8.48528137423857,6.641133904301845,270.5843386659027,53.73890777006493,89.4022146726115
48,13,8.48528137423857,6.536608062154362,273.41293454229884,52.93963201899759,87.63694460843342
48,14,8.48528137423857,6.505948264653278,275.77009777262896,52.27358945376335,86.90723773731632
48,15,8.48528137423857,6.494953775904725,277.7646205059852,51.71017229712582,86.72594489014372
48,16,10.198039027185569,6.351835612565537,275.8549085396202,53.59768301091723,86.8258055355123
48,17,10.198039027185569,6.450346562599306,274.19982483543725,55.252440800156634,86.96880694457545
48,18,7.211102550927978,6.591172783907692,279.2503436322316,55.319855128401414,87.76820003107912
48,19,7.211102550927978,6.752823799096338,283.70668374705014,55.379190040458155,88.8892031856182
48,20,7.211102550927978,6.860520861652924,287.6678749602222,55.431815756763044,89.02033229581701
48,21,7.211102550927978,6.917917931391135,291.21209867727083,55.4788092553426,89.10434046847266
48,22,7.211102550927978,6.878648998472839,294.4019000226146,55.5210287295753,88.96344641112839
48,23,7.211102550927978,6.810866334599151,297.28791076363996,55.559166456743576,89.83903695252073
48,24,7.211102550927978,6.705002041313712,299.91155689184484,55.593787043505564,90.02124777113939
48,25,7.211102550927978,6.663768020309192,302.3070598784666,55.625355558880045,90.30036020578484
48,26,8.94427190999916,6.714722291827335,301.6366282635294,55.95419026071823,90.85065355776734
48,27,8.94427190999916,6.767512534996335,301.0198311777871,56.256590970087366,91.14834182119016
48,28,8.94427190999916,6.830912881218007,300.05067522072585,55.764612184518434,90.14051635306237
48,29,8.94427190999916,6.814273885410316,301.2593432655247,56.18064635286907,89.98142478033279
48,30,8.94427190999916,6.875366330909433,302.4680113103237,56.59690237624278,89.79562896935508
48,31,8.94427190999916,6.803881332887023,303.6766793551226,57.013336460986935,88.70657340120503
48,32,8.94427190999916,6.774169585929367,304.8853473999215,57.429904700739534,88.21320665070033
48,33,8.94427190999916,6.661631028861813,306.0940154447204,57.84656310412552,86.24900919666923
48,34,8.94427190999916,6.515207987690998,307.3026834895194,58.26326762258762,84.2660357714777
48,35,10.0,6.493672670601747,307.3026834895194,57.62289678857135,83.5804655467441
48,36,10.0,6.600767404588005,305.47472775726897,57.306483653010126,82.12324580219249
48,37,10.0,6.611265425184113,303.64677202501855,56.9890405107393,81.16269560887416
48,38,10.0,6.8297813255464295,301.81881629276813,57.3164735887166,79.29238808313163
48,39,10.0,6.971407484254386,299.9908605605177,57.643364850780294,77.68370369062606
48,40,10.0,7.009964784843355,298.1629048282673,57.96969441363432,76.56899945581053
48,41,10.0,7.062771859581473,298.3617587091923,56.952380925169855,75.00228679147988
48,42,10.0,7.037729214587253,298.5606125901173,55.940729575071515,74.0641743389672
48,43,10.0,7.006926081687856,294.6002875667514,55.81230318367719,73.56275539159843
48,44,10.0,6.913256761246768,290.63996254338554,55.68386581440038,72.88119207123692
48,45,10.0,6.844373601044241,286.67963752001964,55.55541875678592,73.82778002516429
48,46,11.313708498984761,6.608247385711434,281.53027929584164,55.10054829945947,74.88233029154799
48,47,11.313708498984761,6.581219685169026,276.3809210716635,54.64511564468939,75.88648098417138
48,48,8.48528137423857,6.596561375667279,274.2485517805481,54.18917740069235,76.38322371925945
48,49,8.48528137423857,6.68067427490359,272.1161824894326,53.73279055750214,76.9235419505393
48,50,8.48528137423857,6.748458841661738,269.9838131983172,53.2760124449993,76.99199005791957
48,51,8.48528137423857,6.83968168278172,270.60310088576864,52.53271214295556,76.99892724250346
48,52,8.48528137423857,6.9224123444181815,271.22238857322014,51.78997863007254,76.50284893221985
48,53,8.48528137423857,6.852584017793563,271.84167626067165,51.04806051187741,76.0
48,54,8.48528137423857,6.630567341400229,272.46096394812315,50.30720475530848,75.35856897258894
48,55,10.0,6.63253591747768,271.2522959033242,49.89566700939901,73.51127210578582
48,56,10.0,6.825451201332393,270.04362785852527,49.48499901371831,72.98698488977881
48,57,10.0,6.854006031106142,268.83495981372636,49.07524007085858,72.52945560615596
48,58,10.0,6.83777035689953,267.62629176892744,48.66642893772117,72.32796512910369
48,59,11.313708498984761,6.727918901126705,265.2285905233163,47.932159703098094,72.03707821857606
48,60,11.313708498984761,6.893464974942863,264.0395573225041,48.25597459814254,71.0
48,61,8.94427190999916,7.025775101165425,265.248225367303,49.31328216827742,70.53667521150923
48,62,8.94427190999916,7.071069589381513,266.456893412102,50.371161531527854,70.0
48,63,8.94427190999916,7.096192969434128,267.6655614569009,50.78114968101258,70.0
48,64,8.94427190999916,7.11836096906969,268.8742295016998,51.1919118847514,69.43395042122059
48,65,8.94427190999916,7.092418196073715,270.0828975464987,51.60340799776003,69.00047240836075
48,66,8.94427190999916,7.063383962344537,271.2915655912977,52.015597428688224,69.00397816784539
48,67,8.94427190999916,6.97335410532558,272.50023363609654,52.428439162286715,69.00197948386734
48,68,8.94427190999916,6.929686620694281,273.7089016808955,52.84189178250974,69.0
48,69,8.94427190999916,6.877460065374733,274.9175697256944,53.255913496223044,68.42678520324233
48,70,8.94427190999916,6.867320926481787,276.12623777049333,53.67046215748519,68.65702794193197
48,71,8.94427190999916,6.902298042525766,278.52393901610446,54.41273880557737,69.06320565971198
48,72,8.94427190999916,6.914914385999138,280.9216402617156,55.154949917896616,69.03382276313368
48,73,8.94427190999916,6.8811516816688085,280.3023525742641,55.896846523464426,69.0
48,74,8.94427190999916,6.884223502124764,279.6830648868126,56.638180283827616,69.0
48,75,8.246211251235321,6.775160999411322,280.0329331564224,57.87287698561756,68.49109608900315
48,76,8.246211251235321,6.800019730739535,280.3828014260323,59.11000290362521,68.99253622795865
48,77,11.313708498984761,6.877388088688076,277.36581249296967,59.11000290362521,69.06278056554777
48,78,11.313708498984761,6.930844149595531,274.3488235599071,59.11000290362521,68.9667257841562
48,79,11.313708498984761,6.925541558837267,271.33183462684445,59.11000290362521,69.00303682811587
48,80,11.313708498984761,6.866792207942813,270.1428014260323,58.78586640908972,68.93505283782153
48,81,10.0,6.818194615298511,270.1428014260323,58.78586640908972,68.93769334465826
48,82,10.0,6.835083720591936,270.1428014260323,58.78586640908972,68.93377751204774
48,83,10.0,6.792158813264508,270.1428014260323,58.78586640908972,68.99329748076504
48,84,10.0,6.801850838159844,271.33183462684445,59.11000290362521,69.20888221376018
48,85,10.0,6.77967360901735,272.5208678276567,59.43349106833565,69.0
48,86,11.313708498984761,6.7890835149544575,270.12316658204554,58.693398926879446,68.93745885068466
48,87,11.313708498984761,6.756171493248327,267.7254653364344,57.95180717421265,69.06249925936851
48,88,11.313708498984761,6.687737945503548,265.32776409082334,57.20896039429774,69.0
48,89,11.313708498984761,6.723712311447341,262.9300628452122,56.465105686221,68.50068559913962
48,90,11.313708498984761,6.739156419546911,260.5323615996011,55.72049217826271,68.50396431726419
48,91,11.313708498984761,6.740536876635621,258.13466035398994,54.97537053180021,68.50159164057085
48,92,11.313708498984761,6.702863481779091,255.73695910837887,54.229992437489464,68.0
48,93,10.0,6.620701599005641,254.52829106357993,53.16222988841787,68.0
48,94,10.0,6.580822409109348,253.31962301878102,52.09237094056912,67.50010338215513
48,95,10.198039027185569,6.512126754508065,251.9121010930571,52.67969736306829,67.00002619237866
48,96,10.198039027185569,6.579398639452811,250.50457916733322,53.271052624117615,66.9373826310584
48,97,10.198039027185569,6.577603211060696,249.0970572416093,53.86635105311273,67.293737878798
48,98,10.198039027185569,6.621794645743298,247.6895353158854,54.46550242891076,67.60135718599685
48,99,10.198039027185569,6.556754196498147,246.2820133901615,55.06841198922191,67.5606153403909
48,100,11.313708498984761,6.454827415331708,242.91515618748906,53.81170312546937,67.0
48,101,11.313708498984761,6.39507396879931,239.5482989848166,52.56140736614939,66.49983187990931
48,102,10.0,6.332801258165968,240.73733218562882,52.233609249729156,65.99985020999715
48,103,10.0,6.496484676706125,241.926365386441,51.90506003810025,65.55193883119763
48,104,10.0,6.610919364045626,243.1153985872532,51.57577882639714,63.66113498971512
48,105,10.0,6.705316517031256,244.3044317880654,51.24578498832767,63.00216771605127
48,106,10.0,6.870878763837066,244.3044317880654,50.579100791101816,62.507675879196015
48,107,10.0,6.88653407090215,244.3044317880654,49.910897678422884,61.440582300830116
48,108,10.0,6.900911732872758,244.3044317880654,49.2413527916235,61.0
48,109,10.0,6.948591357616237,244.3044317880654,48.570645449206935,60.40316702929265
49,6,8.48528137423857,6.8965505541211325,301.6988933062603,45.0,99.00434150245633
49,7,8.48528137423857,6.913194119071396,301.6988933062603,45.0,98.48394259092663
49,8,8.48528137423857,6.8956790004161626,301.6988933062603,45.0,97.50021602677349
49,9,8.48528137423857,6.848086912680789,301.6988933062603,45.0,97.0
49,10,8.48528137423857,6.825010704754868,301.6988933062603,45.0,96.59830120260104
49,11,8.246211251235321,6.713528845595447,303.15667776296795,50.01972009372593,95.24257474975707
49,12,8.246211251235321,6.694334019972401,304.19795237490194,53.712124406120765,94.41347495534524
49,13,8.246211251235321,6.719935305025929,304.97890833385253,56.520698439989765,94.50640543884622
49,14,10.0,6.792300737700967,299.53680740786893,56.13238784263521,94.53364772660956
49,15,10.0,6.865392958707826,295.18312666708204,55.82382199265163,94.06663485971788
49,16,10.0,6.941245469660127,291.62102424280187,55.57273693752349,92.71963468327772
49,17,10.0,6.94780548990063,288.6526055559017,55.36444707332226,91.96888711491687
49,18,10.0,6.878268681581889,286.1408666669862,55.188874846306796,91.4055782390374
49,19,10.0,6.773763020309498,283.9879476193443,55.03887545179647,91.06201242976779
49,20,10.0,6.698805222739149,282.12208444472134,53.8213990922339,89.70044572702297
49,21,10.0,6.732257829791236,280.48945416692624,52.75288257354535,88.88509476248049
49,22,10.0,6.71067149182139,279.04889803945997,51.80818799324692,88.27089432296748
49,23,10.0,6.667810022487879,277.76840370393444,50.967406225199795,87.73864957719903
49,24,10.0,6.640350703348197,276.6226982458326,50.214595338455794,87.2660797280551
49,25,10.0,6.6636865517153625,275.591563333541,49.536858806455584,85.97170763393942
49,26,10.0,6.626155304725142,274.6586317462295,48.92366408232744,85.66968481087326
49,27,10.0,6.535840608907213,273.8105121214009,49.11925276376514,84.96970787527192
49,28,10.0,6.616693504404459,273.03614202916606,49.29748678205372,84.52404672907844
49,29,10.0,6.605842883857314,272.32630277795084,49.460574809053924,84.0
49,30,8.48528137423857,6.583272402760983,273.50120639908323,49.278544688091344,83.47451713973044
49,31,8.48528137423857,6.596516867692108,273.50120639908323,49.278544688091344,82.96160683657715
49,32,10.0,6.644384817091904,271.6732506668328,49.610366437591296,82.23131710037046
49,33,8.48528137423857,6.681623744733825,271.6732506668328,49.610366437591296,82.17460998642257
49,34,8.48528137423857,6.679493330843903,271.6732506668328,49.610366437591296,82.30272475645174
49,35,8.48528137423857,6.783410259283533,271.6732506668328,49.6103664375913,83.1420707634215
49,36,8.48528137423857,6.839263751885238,271.323382397223,48.38852183539037,82.96836302006182
49,37,8.48528137423857,6.878150042809024,270.9735141276131,47.177740041253934,83.12162587173651
49,38,8.48528137423857,6.888835187952918,270.6236458580033,45.9789373993737,83.28622872253781
49,39,8.48528137423857,6.911449879927477,272.4516015902537,45.65239615631674,81.93880842347303
49,40,8.48528137423857,6.970051558166372,274.2795573225041,45.326076716255784,81.59426788547768
49,41,8.48528137423857,7.054602041212883,276.1075130547545,45.0,80.9538488948518
49,42,8.48528137423857,7.0721932287932034,277.93546878700494,44.67418683436323,80.4089562852808
49,43,8.48528137423857,7.03164199340588,279.76342451925535,44.34865794433696,80.0
49,44,8.48528137423857,6.967670289471323,281.59138025150577,44.02343394536083,79.46457087707638
49,45,8.48528137423857,6.874931778689412,283.4193359837562,44.349183718387685,79.0
49,46,10.0,6.947122721351255,283.4193359837562,45.0,77.99759460847167
49,47,10.0,7.00201128314885,283.4193359837562,45.650816281612315,77.5
49,48,10.0,6.944749878640583,283.4193359837562,46.30146466430206,77.0
49,49,10.0,6.9184554217686,283.4193359837562,46.95177750889094,76.45772255669131
49,50,8.48528137423857,6.9183449657456535,285.2472917160066,47.27583819229848,76.0
49,51,8.48528137423857,6.934496181553953,287.075247448257,47.59949204331131,75.48138437118952
49,52,8.48528137423857,6.934856172102214,288.90320318050743,47.274005089373,75.0
49,53,8.48528137423857,6.947427910388266,290.7311589127578,46.948633731012436,74.4563809073231
49,54,8.48528137423857,6.935176638445543,292.5591146450082,46.62339887979635,74.0
49,55,8.48528137423857,6.9515966384314,292.5591146450082,46.62339887979633,73.46239811467484
49,56,8.48528137423857,7.012349515257916,292.5591146450082,46.62339887979635,72.52697477414262
49,57,8.48528137423857,7.017773811061258,294.3870703772586,46.29832139456503,72.05303222868218
49,58,8.48528137423857,6.976211345055939,294.3870703772586,46.29832139456503,71.10459145670404
49,59,8.48528137423857,6.894777901431084,294.3870703772586,46.29832139456503,69.93373231245451
49,60,8.48528137423857,6.826052068272425,294.3870703772586,46.29832139456502,70.02209536529017
49,61,8.48528137423857,6.765461625552157,294.3870703772586,46.29832139456503,69.64246980823671
49,62,8.48528137423857,6.760464031998061,294.3870703772586,46.29832139456503,68.89700455534788
49,63,8.94427190999916,6.715828780978801,293.7677826898072,47.027775374133775,69.0893340886141
49,64,8.94427190999916,6.791298079048202,293.1484950023557,47.75957981307798,68.58397720253984
49,65,8.94427190999916,6.871289925631709,292.52920731490417,48.493506245841104,67.87943271863712
49,66,8.94427190999916,6.849760760660506,291.90991962745267,49.22932209632073,68.75971401701486
49,67,8.94427190999916,6.846594104585574,291.2906319400012,49.96679109805197,68.99878611512548
49,68,8.94427190999916,6.78136742562486,290.6713442525497,50.70567373215086,69.0
49,69,8.94427190999916,6.734304687604171,290.05205656509827,51.445727681077194,68.98939500778346
49,70,10.0,6.755759110892457,288.22410083284785,51.77348254933605,68.9337731933094
49,71,10.0,6.84537496119507,288.22410083284785,51.77348254933605,68.95987123197654
49,72,10.0,6.943619131049258,288.22410083284785,51.77348254933605,68.98973257673624
49,73,10.0,6.974406539661543,288.22410083284785,51.77348254933605,68.53559308713626
49,74,10.0,6.955470695591545,288.22410083284785,51.77348254933605,67.87753932316929
49,75,10.0,6.901243213295959,286.39614510059744,52.10106012736472,68.33218957483732
49,76,10.0,6.785210159307517,284.568189368347,52.428439162286715,68.9391009412928
49,77,8.246211251235321,6.689904289628271,284.91805763795685,53.65425436139056,69.00387783900321
49,78,8.246211251235321,6.65544873755417,285.2679259075667,54.88638103165568,69.00223565789251
49,79,8.246211251235321,6.570272783661915,285.6177941771765,56.12372066001351,68.97385929905678
49,80,8.246211251235321,6.5085790344227785,285.96766244678633,57.36514600424226,69.0
49,81,8.246211251235321,6.468143346287277,286.3175307163962,58.60950704921449,69.0
49,82,10.0,6.493298047482765,284.4895749841458,58.93553636520593,69.0
49,83,10.0,6.512457778946398,282.6616192518954,59.260921365015896,69.00267416292198
49,84,10.0,6.510397242127114,280.833663519645,59.585643031874454,69.0
49,85,10.0,6.6610223893912845,279.00570778739456,59.9096825968987,69.06228774740387
49,86,10.0,6.743990302768052,277.17775205514414,60.233021544491145,69.0
49,87,10.0,6.7410827503163375,275.3497963228937,60.55564161751489,68.5
49,88,10.0,6.7346988656300075,274.14112827809475,60.139259468589614,68.0
49,89,12.806248474865697,6.675693230062486,270.6885568419925,59.65079723827112,67.9641665524435
49,90,10.0,6.484797015697319,269.47988879719355,59.23398905454654,68.0
49,91,10.0,6.355547202883251,268.27122075239464,58.8170801343972,67.51675408917923
49,92,10.0,6.093973045363176,267.0625527075957,58.40011460035235,66.99694554811724
49,93,8.94427190999916,6.2203632112924385,267.0625527075957,58.40011460035235,66.9337277350547
49,94,8.94427190999916,6.243334256586901,267.0625527075957,58.40011460035235,67.0
49,95,8.94427190999916,6.430063178732335,268.27122075239464,58.8170801343972,66.50973486163058
49,96,8.48528137423857,6.507351103099207,270.09917648464506,58.492389590013424,65.99796892957694
49,97,8.48528137423857,6.501137606657697,271.9271322168955,58.1670868776202,65.76285129641312
49,98,8.48528137423857,6.498785429744896,273.7550879491459,57.8411912947887,64.93734004882998
49,99,8.48528137423857,6.473400472021931,275.5830436813963,57.514722362924104,65.00516059606943
49,100,8.48528137423857,6.425926225933876,277.4109994136467,57.187699821079974,64.51804581803404
49,101,8.48528137423857,6.380558935227322,279.23895514589714,56.86014361957325,64.01013165517429
49,102,10.0,6.457240520194269,277.0611311440369,55.94658646785859,63.003685155712496
49,103,10.0,6.65335451021557,274.88330714217665,55.037413865202645,63.06243196941725
49,104,10.0,6.755782124747141,272.7054831403164,54.13304866732887,62.2851387635762
49,105,10.0,6.902885994429224,270.52765913845616,53.23389969718432,62.0
49,106,10.0,6.94680137581724,268.34983513659586,52.340360807676745,62.0
49,107,10.0,6.986511382499016,268.34983513659586,52.340360807676745,61.5625
49,108,10.0,6.954857138316011,268.34983513659586,52.340360807676745,61.0
49,109,10.0,6.876309732568367,268.34983513659586,52.340360807676745,60.5
49,110,10.0,6.913406492545972,268.34983513659586,52.340360807676745,60.0
